0.93711,0
0.9372,0.000499618
0.9373,0.000586286
0.9374,0.000421380
0.9375,0.000605696
0.9376,0.000462963
0.9377,0.000567623
0.9378,0.00045521
0.9379,0.000481286
0.9380,0.000602364
0.9381,0.000463571
0.9382,0.000518118
0.9383,0.000468055
0.9384,0.000529081
0.9385,0.000556482
0.9386,0.000357137
0.9387,0.000474290
0.9388,0.000529949
0.9389,0.000567897
0.9390,0.000426344
0.9391,0.000450222
0.9392,0.000407915
0.9393,0.000541667
0.9394,0.00050925
0.9395,0.000576961
0.9396,0.000495180
0.9397,0.00046333
0.9398,0.000464374
0.9399,0.000481040
0.9400,0.000443604
0.9401,0.000573180
0.9402,0.000488623
0.9403,0.000572936
0.9404,0.000490503
0.9405,0.000475877
0.9406,0.000549516
0.9407,0.000625535
0.9408,0.000635090
0.9409,0.000688962
0.9410,0.000592524
0.9411,0.000579448
0.9412,0.000668527
0.9413,0.000589910
0.9414,0.000829999
0.9415,0.000747284
0.9416,0.000728722
0.9417,0.000673548
0.9418,0.000827510
0.9419,0.000740335
0.9420,0.000820318
0.9421,0.000849352
0.9422,0.000820144
0.9423,0.000930468
0.9424,0.000979730
0.9425,0.001004933
0.9426,0.001020532
0.9427,0.001046782
0.9428,0.001080254
0.9429,0.001111786
0.9430,0.001183218
0.9431,0.001179989
0.9432,0.001282018
0.9433,0.001283873
0.9434,0.001246374
0.9435,0.001454957
0.9436,0.001468709
0.9437,0.001508329
0.9438,0.001523864
0.9439,0.001538617
0.9440,0.001647124
0.9441,0.001747461
0.9442,0.001727013
0.9443,0.001741234
0.9444,0.001942882
0.9445,0.001881737
0.9446,0.001959354
0.9447,0.001929269
0.9448,0.00208518
0.9449,0.002105835
0.9450,0.002237559
0.9451,0.002210748
0.9452,0.002255953
0.9453,0.002354060
0.9454,0.00241620
0.9455,0.002419068
0.9456,0.002374933
0.9457,0.002418083
0.9458,0.002464799
0.9459,0.00253276
0.9460,0.00275482
0.9461,0.002686166
0.9462,0.002557948
0.9463,0.002665067
0.9464,0.002645510
0.9465,0.002661832
0.9466,0.002708439
0.9467,0.002784131
0.9468,0.00281034
0.9469,0.002685819
0.9470,0.002753666
0.9471,0.002960739
0.9472,0.002818564
0.9473,0.002794715
0.9474,0.002934566
0.9475,0.002800585
0.9476,0.002848416
0.9477,0.002920410
0.9478,0.002983266
0.9479,0.003025500
0.9480,0.002889966
0.9481,0.003124822
0.9482,0.003152973
0.9483,0.0030796
0.9484,0.003104782
0.9485,0.003189042
0.9486,0.003180213
0.9487,0.003257940
0.9488,0.003388751
0.9489,0.003224401
0.9490,0.003348081
0.9491,0.003441866
0.9492,0.003664575
0.9493,0.003703118
0.9494,0.003611957
0.9495,0.003749782
0.9496,0.003864191
0.9497,0.003992673
0.9498,0.004069606
0.9499,0.004211467
0.9500,0.004300363
0.9501,0.004443529
0.9502,0.004597936
0.9503,0.004792930
0.9504,0.004822820
0.9505,0.00499941
0.9506,0.005107798
0.9507,0.005245619
0.9508,0.005486114
0.9509,0.005775867
0.9510,0.005903924
0.9511,0.006209080
0.9512,0.006495759
0.9513,0.006867371
0.9514,0.007109300
0.9515,0.007295777
0.9516,0.007713556
0.9517,0.00801243
0.9518,0.008325948
0.9519,0.008916730
0.9520,0.009413431
0.9521,0.009674916
0.9522,0.01016738
0.9523,0.010700626
0.9524,0.011250335
0.9525,0.011640997
0.9526,0.012420074
0.9527,0.013174418
0.9528,0.013741121
0.9529,0.014382240
0.9530,0.015111749
0.9531,0.015910057
0.9532,0.016830195
0.9533,0.017522123
0.9534,0.018450648
0.9535,0.019214722
0.9536,0.02016545
0.9537,0.020914359
0.9538,0.021807692
0.9539,0.022600663
0.9540,0.023823793
0.9541,0.024641314
0.9542,0.025621817
0.9543,0.026376874
0.9544,0.027366037
0.9545,0.028094091
0.9546,0.028812680
0.9547,0.029536915
0.9548,0.030093241
0.9549,0.030761185
0.9550,0.031118031
0.9551,0.031656570
0.9552,0.032033145
0.9553,0.032553229
0.9554,0.032823670
0.9555,0.032887254
0.9556,0.032985196
0.9557,0.033340936
0.9558,0.033272233
0.9559,0.033439929
0.9560,0.033209429
0.9561,0.033257532
0.9562,0.033223634
0.9563,0.033193865
0.9564,0.033122041
0.9565,0.032903552
0.9566,0.032891493
0.9567,0.032794383
0.9568,0.03276677
0.9569,0.032641034
0.9570,0.032447636
0.9571,0.032498989
0.9572,0.032548242
0.9573,0.032433345
0.9574,0.032659776
0.9575,0.032546065
0.9576,0.032679529
0.9577,0.032763016
0.9578,0.032849340
0.9579,0.033037140
0.9580,0.033232899
0.9581,0.033438973
0.9582,0.033674808
0.9583,0.03407420
0.9584,0.034261193
0.9585,0.034789608
0.9586,0.035092838
0.9587,0.035480776
0.9588,0.0359281
0.9589,0.036588411
0.9590,0.036952348
0.9591,0.037685912
0.9592,0.038244095
0.9593,0.038814414
0.9594,0.039738297
0.9595,0.040316029
0.9596,0.041097932
0.9597,0.042279711
0.9598,0.042946591
0.9599,0.043905439
0.9600,0.044898691
0.9601,0.046159925
0.9602,0.046891665
0.9603,0.048029871
0.9604,0.049049892
0.9605,0.050454412
0.9606,0.051620612
0.9607,0.052882714
0.9608,0.05409766
0.9609,0.055574970
0.9610,0.056939626
0.9611,0.058348517
0.9612,0.059662042
0.9613,0.061086159
0.9614,0.062714911
0.9615,0.063893995
0.9616,0.06557288
0.9617,0.067089982
0.9618,0.068686666
0.9619,0.069908009
0.9620,0.071398907
0.9621,0.072676053
0.9622,0.074411354
0.9623,0.075724430
0.9624,0.077034125
0.9625,0.078267870
0.9626,0.079780712
0.9627,0.081142664
0.9628,0.082261171
0.9629,0.083349342
0.9630,0.08436241
0.9631,0.085804996
0.9632,0.086606932
0.9633,0.08773186
0.9634,0.088410158
0.9635,0.0896256
0.9636,0.090301571
0.9637,0.09103706
0.9638,0.091857891
0.9639,0.092701445
0.9640,0.093413610
0.9641,0.09402419
0.9642,0.094848280
0.9643,0.095521755
0.9644,0.096227541
0.9645,0.096703119
0.9646,0.097439880
0.9647,0.09822931
0.9648,0.099059296
0.9649,0.099590216
0.9650,0.10048511
0.9651,0.101299
0.9652,0.10220017
0.9653,0.10304882
0.9654,0.10407886
0.9655,0.10504036
0.9656,0.10603379
0.9657,0.10722636
0.9658,0.10838336
0.9659,0.10976426
0.9660,0.11112072
0.9661,0.11275431
0.9662,0.11432078
0.9663,0.1159391
0.9664,0.11763577
0.9665,0.11968379
0.9666,0.12181321
0.9667,0.12411468
0.9668,0.12643069
0.9669,0.12875877
0.9670,0.13175529
0.9671,0.13417487
0.9672,0.1373502
0.9673,0.14000956
0.9674,0.1441545
0.9675,0.14732588
0.9676,0.15118237
0.9677,0.15497526
0.9678,0.15980643
0.9679,0.16457129
0.9680,0.16909061
0.9681,0.1741536
0.9682,0.17895216
0.9683,0.18551197
0.9684,0.19065725
0.9685,0.19721409
0.9686,0.20341864
0.9687,0.21159155
0.9688,0.21840776
0.9689,0.22626123
0.9690,0.23352407
0.9691,0.24308754
0.9692,0.25226742
0.9693,0.26143875
0.9694,0.27120525
0.9695,0.2811044
0.9696,0.29352028
0.9697,0.30305794
0.9698,0.315167
0.9699,0.32503216
0.9700,0.33977909
0.9701,0.3512703
0.9702,0.36458065
0.9703,0.37719376
0.9704,0.39242023
0.9705,0.40587368
0.9706,0.41959007
0.9707,0.43314034
0.9708,0.44651108
0.9709,0.46251808
0.9710,0.47469547
0.9711,0.48899536
0.9712,0.50096748
0.9713,0.51591660
0.9714,0.52740520
0.9715,0.53999023
0.9716,0.55065800
0.9717,0.56274647
0.9718,0.57326202
0.9719,0.58237381
0.9720,0.5909775
0.9721,0.59919155
0.9722,0.60725254
0.9723,0.61273605
0.9724,0.61852734
0.9725,0.62272472
0.9726,0.62767036
0.9727,0.6308661
0.9728,0.6338873
0.9729,0.63612545
0.9730,0.63793255
0.9731,0.63915981
0.9732,0.63976597
0.9733,0.64010574
0.9734,0.64053413
0.9735,0.64050117
0.9736,0.64002457
0.9737,0.63943802
0.9738,0.63904114
0.9739,0.63803547
0.9740,0.63767960
0.9741,0.6373783
0.9742,0.63646168
0.9743,0.6360701
0.9744,0.63598263
0.9745,0.63573288
0.9746,0.63560318
0.9747,0.63583988
0.9748,0.63627327
0.9749,0.63709312
0.9750,0.6377954
0.9751,0.63877655
0.9752,0.64039009
0.9753,0.64184677
0.9754,0.64345551
0.9755,0.64507599
0.9756,0.64751396
0.9757,0.6502738
0.9758,0.65275604
0.9759,0.6553777
0.9760,0.65811081
0.9761,0.66179832
0.9762,0.66455475
0.9763,0.66798386
0.9764,0.67119972
0.9765,0.67524300
0.9766,0.67841049
0.9767,0.68236015
0.9768,0.68561287
0.9769,0.68984657
0.9770,0.69367661
0.9771,0.69732178
0.9772,0.70111938
0.9773,0.70483955
0.9774,0.70879227
0.9775,0.71187813
0.9776,0.71532188
0.9777,0.7183425
0.9778,0.72194702
0.9779,0.72477715
0.9780,0.72750679
0.9781,0.72999100
0.9782,0.73282227
0.9783,0.7350833
0.9784,0.73716141
0.9785,0.73906311
0.9786,0.74071373
0.9787,0.74205803
0.9788,0.74339226
0.9789,0.74422569
0.9790,0.74544373
0.9791,0.74587524
0.9792,0.74636452
0.9793,0.74674973
0.9794,0.74681366
0.9795,0.74693138
0.9796,0.74664543
0.9797,0.7464236
0.9798,0.7460117
0.9799,0.74539032
0.9800,0.74478180
0.9801,0.74371338
0.9802,0.74294373
0.9803,0.74220390
0.9804,0.74104347
0.9805,0.74010918
0.9806,0.73878708
0.9807,0.73808899
0.9808,0.73675194
0.9809,0.73572563
0.9810,0.73479332
0.9811,0.73371948
0.9812,0.73236778
0.9813,0.73148460
0.9814,0.73023239
0.9815,0.72939011
0.9816,0.72798882
0.9817,0.72724960
0.9818,0.72651253
0.9819,0.72506310
0.9820,0.72430794
0.9821,0.72357872
0.9822,0.72246147
0.9823,0.72169434
0.9824,0.72134933
0.9825,0.72039833
0.9826,0.71958313
0.9827,0.71880127
0.9828,0.71846680
0.9829,0.71764267
0.9830,0.71700539
0.9831,0.71640862
0.9832,0.71570610
0.9833,0.71518875
0.9834,0.71430374
0.9835,0.71400818
0.9836,0.71359047
0.9837,0.71260307
0.9838,0.71201714
0.9839,0.71151665
0.9840,0.71062790
0.9841,0.71019539
0.9842,0.7097713
0.9843,0.70887260
0.9844,0.70821724
0.9845,0.70762962
0.9846,0.70692764
0.9847,0.70621475
0.9848,0.70549332
0.9849,0.7050104
0.9850,0.7043259
0.9851,0.7034497
0.9852,0.70304131
0.9853,0.7024805
0.9854,0.70182121
0.9855,0.70113770
0.9856,0.7005069
0.9857,0.70011528
0.9858,0.69926979
0.9859,0.69895195
0.9860,0.69835670
0.9861,0.6979848
0.9862,0.69769630
0.9863,0.69720184
0.9864,0.69700821
0.9865,0.69689934
0.9866,0.69647751
0.9867,0.69624161
0.9868,0.69622543
0.9869,0.69614601
0.9870,0.69619553
0.9871,0.6963629
0.9872,0.69649315
0.9873,0.69674286
0.9874,0.69688385
0.9875,0.69739220
0.9876,0.69759872
0.9877,0.69851967
0.9878,0.69927650
0.9879,0.69928070
0.9880,0.70009850
0.9881,0.70093506
0.9882,0.70204010
0.9883,0.70283333
0.9884,0.70339516
0.9885,0.70453743
0.9886,0.70552353
0.9887,0.70690125
0.9888,0.70777290
0.9889,0.70854462
0.9890,0.71006744
0.9891,0.71143944
0.9892,0.71275780
0.9893,0.71390549
0.9894,0.71537422
0.9895,0.71689262
0.9896,0.71767685
0.9897,0.71905403
0.9898,0.72021294
0.9899,0.72182732
0.9900,0.72289215
0.9901,0.72440247
0.9902,0.72540718
0.9903,0.72683929
0.9904,0.72837456
0.9905,0.72938103
0.9906,0.73059860
0.9907,0.73166130
0.9908,0.7329836
0.9909,0.73381683
0.9910,0.73504486
0.9911,0.73607567
0.9912,0.73705688
0.9913,0.73792923
0.9914,0.73905655
0.9915,0.73967178
0.9916,0.74078476
0.9917,0.74140152
0.9918,0.74215858
0.9919,0.74297874
0.9920,0.74390022
0.9921,0.74451187
0.9922,0.74502274
0.9923,0.74578186
0.9924,0.7460841
0.9925,0.74703217
0.9926,0.74732498
0.9927,0.74798141
0.9928,0.7482101
0.9929,0.74908867
0.9930,0.74942055
0.9931,0.7498845
0.9932,0.7505573
0.9933,0.75067802
0.9934,0.7515781
0.9935,0.75186218
0.9936,0.75229553
0.9937,0.7529908
0.9938,0.75351051
0.9939,0.75403961
0.9940,0.75486427
0.9941,0.75525208
0.9942,0.75573883
0.9943,0.75642380
0.9944,0.75724968
0.9945,0.75827118
0.9946,0.7587139
0.9947,0.75945267
0.9948,0.76032822
0.9949,0.76128754
0.9950,0.76187187
0.9951,0.76310600
0.9952,0.76372681
0.9953,0.7646540
0.9954,0.76528381
0.9955,0.76668945
0.9956,0.76725876
0.9957,0.76829872
0.9958,0.76955147
0.9959,0.77040848
0.9960,0.77153107
0.9961,0.77268837
0.9962,0.77368057
0.9963,0.77447594
0.9964,0.77561302
0.9965,0.776621
0.9966,0.77740051
0.9967,0.77840652
0.9968,0.77944412
0.9969,0.78004539
0.9970,0.78125801
0.9971,0.78220238
0.9972,0.78291931
0.9973,0.78360222
0.9974,0.78443871
0.9975,0.78502312
0.9976,0.78577576
0.9977,0.78653748
0.9978,0.78704712
0.9979,0.7875898
0.9980,0.78776909
0.9981,0.78844955
0.9982,0.78872711
0.9983,0.78906754
0.9984,0.78932693
0.9985,0.78949394
0.9986,0.78976616
0.9987,0.78981377
0.9988,0.78991234
0.9989,0.78970184
0.9990,0.78969643
0.9991,0.78975937
0.9992,0.78944046
0.9993,0.78906036
0.9994,0.78898384
0.9995,0.7889927
0.9996,0.78816483
0.9997,0.7883425
0.9998,0.78784439
0.9999,0.78753181
1.0000,0.78693260
1.0001,0.78618462
1.0002,0.78593796
1.0003,0.78526703
1.0004,0.78465508
1.0005,0.78445503
1.0006,0.78388748
1.0007,0.78303162
1.0008,0.78259186
1.0009,0.78186989
1.0010,0.78146973
1.0011,0.78083458
1.0012,0.78031242
1.0013,0.77957726
1.0014,0.77904167
1.0015,0.77852814
1.0016,0.77760323
1.0017,0.7773134
1.0018,0.77669273
1.0019,0.77641151
1.0020,0.77557129
1.0021,0.77505150
1.0022,0.77484207
1.0023,0.77401054
1.0024,0.77351913
1.0025,0.77357956
1.0026,0.77303139
1.0027,0.77264412
1.0028,0.77237206
1.0029,0.77169640
1.0030,0.77160057
1.0031,0.7713338
1.0032,0.77101204
1.0033,0.77078209
1.0034,0.77074509
1.0035,0.77047112
1.0036,0.77017426
1.0037,0.76998589
1.0038,0.77007805
1.0039,0.77004913
1.0040,0.76969513
1.0041,0.7698238
1.0042,0.77002556
1.0043,0.76989616
1.0044,0.77018723
1.0045,0.77006226
1.0046,0.77029213
1.0047,0.77054657
1.0048,0.77062080
1.0049,0.77094337
1.0050,0.77118210
1.0051,0.77164383
1.0052,0.7717717
1.0053,0.77214966
1.0054,0.77230621
1.0055,0.77299286
1.0056,0.77346153
1.0057,0.77363159
1.0058,0.77444641
1.0059,0.77481422
1.0060,0.7751866
1.0061,0.77594460
1.0062,0.7763837
1.0063,0.77731453
1.0064,0.77765694
1.0065,0.77851082
1.0066,0.77932152
1.0067,0.77986618
1.0068,0.78071465
1.0069,0.78145554
1.0070,0.78229431
1.0071,0.78293671
1.0072,0.78386726
1.0073,0.78439522
1.0074,0.7854784
1.0075,0.78623482
1.0076,0.78733322
1.0077,0.78801628
1.0078,0.78902260
1.0079,0.78974976
1.0080,0.79031059
1.0081,0.79124565
1.0082,0.79183319
1.0083,0.79268517
1.0084,0.79344978
1.0085,0.79486778
1.0086,0.79514961
1.0087,0.79592812
1.0088,0.79640923
1.0089,0.79760445
1.0090,0.79793800
1.0091,0.79856400
1.0092,0.79905357
1.0093,0.79951759
1.0094,0.80007454
1.0095,0.80062340
1.0096,0.80085724
1.0097,0.80141495
1.0098,0.80182961
1.0099,0.80161621
1.0100,0.80207710
1.0101,0.80212761
1.0102,0.80227074
1.0103,0.80213852
1.0104,0.80206009
1.0105,0.8021514
1.0106,0.8020538
1.0107,0.80209824
1.0108,0.80168304
1.0109,0.80137756
1.0110,0.80097366
1.0111,0.80063957
1.0112,0.80034973
1.0113,0.79972931
1.0114,0.79896477
1.0115,0.79849503
1.0116,0.79788055
1.0117,0.79696968
1.0118,0.79628250
1.0119,0.79583313
1.0120,0.7945144
1.0121,0.79406013
1.0122,0.79329178
1.0123,0.79230904
1.0124,0.7911662
1.0125,0.79036819
1.0126,0.78942062
1.0127,0.78813286
1.0128,0.78719681
1.0129,0.78591225
1.0130,0.78472008
1.0131,0.78369843
1.0132,0.78239296
1.0133,0.78107758
1.0134,0.77961441
1.0135,0.7784466
1.0136,0.77753525
1.0137,0.77578781
1.0138,0.77457581
1.0139,0.77296272
1.0140,0.77202812
1.0141,0.77036873
1.0142,0.76899406
1.0143,0.76766113
1.0144,0.76595810
1.0145,0.76442322
1.0146,0.76294586
1.0147,0.76145958
1.0148,0.75968170
1.0149,0.75846542
1.0150,0.75674606
1.0151,0.75512863
1.0152,0.75345665
1.0153,0.75199669
1.0154,0.74999313
1.0155,0.74852020
1.0156,0.74710342
1.0157,0.74548492
1.0158,0.74364525
1.0159,0.74178505
1.0160,0.74015076
1.0161,0.7385899
1.0162,0.73721115
1.0163,0.73528999
1.0164,0.73394867
1.0165,0.73221436
1.0166,0.7310608
1.0167,0.72918205
1.0168,0.72767792
1.0169,0.72655014
1.0170,0.72519661
1.0171,0.72374596
1.0172,0.72203453
1.0173,0.72080299
1.0174,0.71987503
1.0175,0.71856613
1.0176,0.7173425
1.0177,0.71649597
1.0178,0.71527138
1.0179,0.71466133
1.0180,0.71369400
1.0181,0.71314194
1.0182,0.71249832
1.0183,0.71243057
1.0184,0.71116638
1.0185,0.71123627
1.0186,0.71067642
1.0187,0.7107535
1.0188,0.71075493
1.0189,0.71072823
1.0190,0.71100761
1.0191,0.71136391
1.0192,0.71151947
1.0193,0.71198303
1.0194,0.7126363
1.0195,0.71333000
1.0196,0.71436531
1.0197,0.71555023
1.0198,0.71644608
1.0199,0.71753448
1.0200,0.71880920
1.0201,0.72020096
1.0202,0.72163437
1.0203,0.72315788
1.0204,0.72481628
1.0205,0.72643867
1.0206,0.72835304
1.0207,0.73017899
1.0208,0.73226509
1.0209,0.73412140
1.0210,0.73669395
1.0211,0.73858002
1.0212,0.74106873
1.0213,0.74339554
1.0214,0.74583237
1.0215,0.74852638
1.0216,0.75058403
1.0217,0.75291367
1.0218,0.75549461
1.0219,0.75816872
1.0220,0.76028168
1.0221,0.76305809
1.0222,0.76518555
1.0223,0.76814407
1.0224,0.7707605
1.0225,0.77276489
1.0226,0.77535339
1.0227,0.77735786
1.0228,0.78005074
1.0229,0.78142128
1.0230,0.7837894
1.0230,0.78570816
1.0230,0.78806839
1.0230,0.78955963
1.0230,0.79166786
1.0231,0.79281067
1.0232,0.79481544
1.0233,0.79638039
1.0234,0.79751183
1.0235,0.79875137
1.0236,0.79976013
1.0237,0.80070274
1.0238,0.80131439
1.0239,0.80218277
1.0240,0.80274818
1.0241,0.80317970
1.0242,0.80378151
1.0243,0.80402191
1.0244,0.80421257
1.0245,0.80445251
1.0246,0.8044926
1.0247,0.80437836
1.0248,0.80394562
1.0249,0.80389641
1.0250,0.80313660
1.0251,0.80248886
1.0252,0.80212471
1.0253,0.80169151
1.0254,0.80083656
1.0255,0.80028526
1.0256,0.79963280
1.0257,0.79849022
1.0258,0.79773750
1.0259,0.79659126
1.0260,0.79576057
1.0261,0.79479568
1.0262,0.79390800
1.0263,0.79288773
1.0264,0.791515
1.0265,0.79093315
1.0266,0.79010620
1.0267,0.78891823
1.0268,0.78817337
1.0269,0.78691391
1.0270,0.78642838
1.0271,0.78518852
1.0272,0.78441292
1.0273,0.78353416
1.0274,0.78283760
1.0275,0.78189377
1.0276,0.78124542
1.0277,0.7806624
1.0278,0.78002007
1.0279,0.77923187
1.0280,0.77890373
1.0281,0.77830238
1.0282,0.77777390
1.0283,0.77754196
1.0284,0.77683990
1.0285,0.77622185
1.0286,0.77632729
1.0287,0.77592827
1.0288,0.77581757
1.0289,0.77576668
1.0290,0.77522255
1.0291,0.7752274
1.0292,0.77510757
1.0293,0.77509743
1.0294,0.77509361
1.0295,0.77493866
1.0296,0.77561295
1.0297,0.77514107
1.0298,0.77534035
1.0299,0.77583572
1.0300,0.77591797
1.0301,0.77606041
1.0302,0.77639130
1.0303,0.77696114
1.0304,0.77717224
1.0305,0.7772083
1.0306,0.77766190
1.0307,0.77807114
1.0308,0.7783077
1.0309,0.7788902
1.0310,0.77939400
1.0311,0.77946838
1.0312,0.78008713
1.0313,0.78039444
1.0314,0.78071068
1.0315,0.78110870
1.0316,0.78121971
1.0317,0.78159241
1.0318,0.78191422
1.0319,0.78247360
1.0320,0.78270554
1.0321,0.78310547
1.0322,0.78355164
1.0323,0.78342804
1.0324,0.78349648
1.0325,0.78374954
1.0326,0.78374275
1.0327,0.7841567
1.0328,0.78389511
1.0329,0.78367935
1.0330,0.78383484
1.0331,0.78336403
1.0332,0.78337227
1.0333,0.78291107
1.0334,0.782368
1.0335,0.78228935
1.0336,0.78164040
1.0337,0.78103157
1.0338,0.77996742
1.0339,0.77969086
1.0340,0.77884399
1.0341,0.77800148
1.0342,0.77713089
1.0343,0.77640518
1.0344,0.77513992
1.0345,0.77370934
1.0346,0.77270203
1.0347,0.77131065
1.0348,0.77012253
1.0349,0.76847244
1.0350,0.76712212
1.0351,0.76567856
1.0352,0.76410217
1.0353,0.76281647
1.0354,0.76077614
1.0355,0.75932571
1.0356,0.75759384
1.0357,0.75585434
1.0358,0.7540469
1.0359,0.75260506
1.0360,0.75110039
1.0361,0.74956001
1.0362,0.74725792
1.0363,0.74584045
1.0364,0.74367401
1.0365,0.74204590
1.0366,0.7405391
1.0367,0.73904327
1.0368,0.73772507
1.0369,0.73628448
1.0370,0.73501160
1.0371,0.7337074
1.0372,0.73217537
1.0373,0.73099724
1.0374,0.72980934
1.0375,0.7286719
1.0376,0.72798416
1.0377,0.72693596
1.0378,0.72646736
1.0379,0.72549850
1.0380,0.72521721
1.0381,0.72495422
1.0382,0.72453003
1.0383,0.72416557
1.0384,0.72395149
1.0385,0.72413727
1.0386,0.72432686
1.0387,0.72459465
1.0388,0.72490067
1.0389,0.72542091
1.0390,0.72594521
1.0391,0.72642380
1.0392,0.72713402
1.0393,0.72806519
1.0394,0.72931465
1.0395,0.73034134
1.0396,0.73140411
1.0397,0.73286644
1.0398,0.73391258
1.0399,0.73531113
1.0400,0.7364205
1.0401,0.73819893
1.0402,0.73989349
1.0403,0.74133888
1.0404,0.74311096
1.0405,0.74458496
1.0406,0.746261
1.0407,0.74823502
1.0408,0.74944725
1.0409,0.75137657
1.0410,0.75289314
1.0411,0.75467041
1.0412,0.75633118
1.0413,0.75730080
1.0414,0.75941513
1.0415,0.76051971
1.0416,0.76159325
1.0417,0.7631935
1.0418,0.76422043
1.0419,0.76510307
1.0420,0.76622787
1.0421,0.7671655
1.0422,0.76795296
1.0423,0.76887650
1.0424,0.76898544
1.0425,0.76950058
1.0426,0.76927773
1.0427,0.76948883
1.0428,0.769651
1.0429,0.76950226
1.0430,0.76919701
1.0431,0.76886932
1.0432,0.7682618
1.0433,0.76772339
1.0434,0.76685829
1.0435,0.76600761
1.0436,0.76475159
1.0437,0.76374016
1.0438,0.76296112
1.0439,0.76162460
1.0440,0.76026627
1.0441,0.75856255
1.0442,0.75695526
1.0443,0.75571648
1.0444,0.75382408
1.0445,0.75249603
1.0446,0.75078491
1.0447,0.74949532
1.0448,0.7480669
1.0449,0.74594116
1.0450,0.74423828
1.0451,0.74257652
1.0452,0.74103279
1.0453,0.73924286
1.0454,0.7381541
1.0455,0.73657684
1.0456,0.73531624
1.0457,0.7336771
1.0458,0.73251236
1.0459,0.73128899
1.0460,0.73013214
1.0461,0.7291271
1.0462,0.72796181
1.0463,0.72766891
1.0464,0.72675537
1.0465,0.72604240
1.0466,0.72537979
1.0467,0.724603
1.0468,0.72439941
1.0469,0.72437981
1.0470,0.72402420
1.0471,0.72400558
1.0472,0.72407967
1.0473,0.72403458
1.0474,0.72429062
1.0475,0.72462341
1.0476,0.72477219
1.0477,0.72529404
1.0478,0.72563393
1.0479,0.72655441
1.0480,0.72719376
1.0481,0.72788048
1.0482,0.72805061
1.0483,0.72902885
1.0484,0.72962669
1.0485,0.73064514
1.0486,0.73183388
1.0487,0.73259178
1.0488,0.73334663
1.0489,0.73396286
1.0490,0.73495140
1.0491,0.73556641
1.0492,0.73644730
1.0493,0.73708000
1.0494,0.73820518
1.0495,0.7383173
1.0496,0.73914230
1.0497,0.7398645
1.0498,0.74016914
1.0499,0.74053200
1.0500,0.74104111
1.0501,0.74137497
1.0502,0.74192162
1.0503,0.74193565
1.0504,0.74181282
1.0505,0.74201241
1.0506,0.74144783
1.0507,0.74138931
1.0508,0.7414024
1.0509,0.74059822
1.0510,0.74054794
1.0511,0.73962738
1.0512,0.73918961
1.0513,0.73833946
1.0514,0.73742874
1.0515,0.73672935
1.0516,0.7359847
1.0517,0.73507446
1.0518,0.73395599
1.0519,0.73290131
1.0520,0.73192932
1.0521,0.73102486
1.0522,0.72946770
1.0523,0.7286597
1.0524,0.72772820
1.0525,0.72649612
1.0526,0.7252505
1.0527,0.72405670
1.0528,0.72293198
1.0529,0.72178513
1.0530,0.7208923
1.0531,0.71996666
1.0532,0.71882004
1.0533,0.71829773
1.0534,0.71709808
1.0535,0.71631310
1.0536,0.71574814
1.0537,0.71498489
1.0538,0.7145131
1.0539,0.71407906
1.0540,0.71361702
1.0541,0.71315254
1.0542,0.71286446
1.0543,0.71255775
1.0544,0.71243065
1.0545,0.71241570
1.0546,0.71317825
1.0547,0.71297508
1.0548,0.71317062
1.0549,0.71356873
1.0550,0.71382881
1.0551,0.71440514
1.0552,0.71494202
1.0553,0.71593552
1.0554,0.71684296
1.0555,0.71737503
1.0556,0.71827255
1.0557,0.71924469
1.0558,0.72046837
1.0559,0.72140045
1.0560,0.72263306
1.0561,0.72396431
1.0562,0.72502235
1.0563,0.72625656
1.0564,0.72759315
1.0565,0.72897026
1.0566,0.73061417
1.0567,0.73188316
1.0568,0.73322868
1.0569,0.7348554
1.0570,0.73612892
1.0571,0.73726341
1.0572,0.73882385
1.0573,0.74025848
1.0574,0.74207268
1.0575,0.74332115
1.0576,0.74452362
1.0577,0.74532272
1.0578,0.74677963
1.0579,0.74808884
1.0580,0.74930214
1.0581,0.75043388
1.0582,0.75179741
1.0583,0.75323578
1.0584,0.75346870
1.0585,0.75406937
1.0586,0.7548889
1.0587,0.75585243
1.0588,0.75650719
1.0589,0.75733307
1.0590,0.75756660
1.0591,0.75807693
1.0592,0.75836
1.0593,0.75866005
1.0594,0.7590212
1.0595,0.75982613
1.0596,0.75995049
1.0597,0.76000557
1.0598,0.75983360
1.0599,0.75981400
1.0600,0.75958450
1.0601,0.75946068
1.0602,0.75983818
1.0603,0.75978004
1.0604,0.75941330
1.0605,0.75932632
1.0606,0.75905922
1.0607,0.75840492
1.0608,0.7582483
1.0609,0.75805328
1.0610,0.75802490
1.0611,0.7576620
1.0612,0.75724663
1.0613,0.75697914
1.0614,0.75647316
1.0615,0.75644150
1.0616,0.75599548
1.0617,0.75583359
1.0618,0.75552979
1.0619,0.75516602
1.0620,0.75471947
1.0621,0.75465569
1.0622,0.75436249
1.0623,0.754724
1.0624,0.7540503
1.0625,0.75391907
1.0626,0.75350967
1.0627,0.75324989
1.0628,0.75337563
1.0629,0.75366211
1.0630,0.75351852
1.0631,0.75326599
1.0632,0.75312508
1.0633,0.75277634
1.0634,0.75274452
1.0635,0.75277657
1.0636,0.75302139
1.0637,0.75342491
1.0638,0.75312340
1.0639,0.75294838
1.0640,0.75288857
1.0641,0.75322586
1.0642,0.75310989
1.0643,0.75340424
1.0644,0.75332245
1.0645,0.75298714
1.0646,0.75316246
1.0647,0.7530972
1.0648,0.75293068
1.0649,0.75312576
1.0650,0.75334602
1.0651,0.75309906
1.0652,0.75306290
1.0653,0.7525148
1.0654,0.75292603
1.0655,0.75329628
1.0656,0.75333115
1.0657,0.75282623
1.0658,0.75273613
1.0659,0.75264320
1.0660,0.75238213
1.0661,0.75246269
1.0662,0.75270546
1.0663,0.75256622
1.0664,0.75213516
1.0665,0.75196198
1.0666,0.75185379
1.0667,0.75190903
1.0668,0.75216148
1.0669,0.75234238
1.0670,0.75216087
1.0671,0.75180367
1.0672,0.7518945
1.0673,0.751996
1.0674,0.75184555
1.0675,0.75195107
1.0676,0.75214516
1.0677,0.75187202
1.0678,0.7514527
1.0679,0.75192055
1.0680,0.75234131
1.0681,0.75238777
1.0682,0.75209679
1.0683,0.75204262
1.0684,0.75197212
1.0685,0.75194962
1.0686,0.75207695
1.0687,0.75272560
1.0688,0.7523645
1.0689,0.75225815
1.0690,0.75202492
1.0691,0.7517595
1.0692,0.75203880
1.0693,0.75218315
1.0694,0.75195679
1.0695,0.75154716
1.0696,0.75071510
1.0697,0.74993401
1.0698,0.74971321
1.0699,0.74925018
1.0700,0.74833099
1.0701,0.74749680
1.0702,0.74597038
1.0703,0.74464905
1.0704,0.74244728
1.0705,0.74137810
1.0706,0.73972244
1.0707,0.73754112
1.0708,0.73462173
1.0709,0.73205063
1.0710,0.72935341
1.0711,0.72662369
1.0712,0.72290329
1.0713,0.71909294
1.0714,0.71477295
1.0715,0.71000168
1.0716,0.70592949
1.0717,0.7003008
1.0718,0.69575378
1.0719,0.68960426
1.0720,0.68376198
1.0721,0.6765347
1.0722,0.67014076
1.0723,0.66349342
1.0724,0.65689018
1.0725,0.64844261
1.0726,0.64020439
1.0727,0.63194553
1.0728,0.62334530
1.0729,0.61432098
1.0730,0.60450565
1.0731,0.5964999
1.0732,0.58680786
1.0733,0.57818474
1.0734,0.5665205
1.0735,0.55737961
1.0736,0.54749100
1.0737,0.5379651
1.0738,0.52628754
1.0739,0.51563232
1.0740,0.50489975
1.0741,0.49522942
1.0742,0.48534439
1.0743,0.47337738
1.0744,0.46426727
1.0745,0.45326382
1.0746,0.44381691
1.0747,0.43238327
1.0748,0.42324722
1.0749,0.41314507
1.0750,0.40402145
1.0751,0.39318188
1.0752,0.38354424
1.0753,0.37466297
1.0754,0.36556587
1.0755,0.35652344
1.0756,0.34665306
1.0757,0.33863697
1.0758,0.33018917
1.0759,0.32326363
1.0760,0.31353035
1.0761,0.30640894
1.0762,0.29847628
1.0763,0.2914667
1.0764,0.28299927
1.0765,0.27608910
1.0766,0.26922230
1.0767,0.26282675
1.0768,0.25614038
1.0769,0.24907143
1.0770,0.24363670
1.0771,0.23769014
1.0772,0.23210350
1.0773,0.22559727
1.0774,0.2203369
1.0775,0.21473429
1.0776,0.21025448
1.0777,0.20438942
1.0778,0.19961491
1.0779,0.19477585
1.0780,0.19018911
1.0781,0.18523952
1.0782,0.18065668
1.0783,0.17679192
1.0784,0.17269724
1.0785,0.1689047
1.0786,0.164074
1.0787,0.16088898
1.0788,0.15680772
1.0789,0.15383389
1.0790,0.14949727
1.0791,0.14617398
1.0792,0.14262195
1.0793,0.13965204
1.0794,0.13624933
1.0795,0.13268392
1.0796,0.12991613
1.0797,0.12697035
1.0798,0.1243224
1.0799,0.12099676
1.0800,0.11862782
1.0801,0.11560941
1.0802,0.11313277
1.0803,0.11003300
1.0804,0.10749084
1.0805,0.10506260
1.0806,0.102679
1.0807,0.10011075
1.0808,0.097443428
1.0809,0.095186186
1.0810,0.09291300
1.0811,0.090751190
1.0812,0.088232079
1.0813,0.086444073
1.0814,0.084169064
1.0815,0.082112246
1.0816,0.079879327
1.0817,0.078083305
1.0818,0.076066732
1.0819,0.074155102
1.0820,0.071978884
1.0821,0.070190229
1.0822,0.068498826
1.0823,0.066736317
1.0824,0.064961696
1.0825,0.062910600
1.0826,0.06136476
1.0827,0.059849362
1.0828,0.058471699
1.0829,0.056463265
1.0830,0.05501716
1.0831,0.053556538
1.0832,0.052143478
1.0833,0.050529151
1.0834,0.049054146
1.0835,0.047754688
1.0836,0.046341701
1.0837,0.045172167
1.0838,0.043700008
1.0839,0.042585135
1.0840,0.041353178
1.0841,0.040129066
1.0842,0.038863902
1.0843,0.037844539
1.0844,0.036662552
1.0845,0.035774398
1.0846,0.034610503
1.0847,0.033502846
1.0848,0.032475691
1.0849,0.031624169
1.0850,0.030486648
1.0851,0.029700992
1.0852,0.028828835
1.0853,0.027823155
1.0854,0.027226086
1.0855,0.026377504
1.0856,0.025592866
1.0857,0.024730661
1.0858,0.023958919
1.0859,0.023141005
1.0860,0.022502954
1.0861,0.021959729
1.0862,0.021186688
1.0863,0.020592260
1.0864,0.019919951
1.0865,0.019345460
1.0866,0.018722346
1.0867,0.018213041
1.0868,0.017568940
1.0869,0.017168630
1.0870,0.016638372
1.0871,0.016088905
1.0872,0.015655564
1.0873,0.015015711
1.0874,0.01466905
1.0875,0.014401621
1.0876,0.013839664
1.0877,0.013403909
1.0878,0.012960932
1.0879,0.012576745
1.0880,0.012136112
1.0881,0.012027130
1.0882,0.01154833
1.0883,0.011218954
1.0884,0.010937748
1.0885,0.010405134
1.0886,0.010214198
1.0887,0.009991977
1.0888,0.009580440
1.0889,0.009364821
1.0890,0.009136776
1.0891,0.008901511
1.0892,0.008711001
1.0893,0.008313631
1.0894,0.008098664
1.0895,0.007896961
1.0896,0.007594039
1.0897,0.007487202
1.0898,0.007330255
1.0899,0.007062147
1.0900,0.006830417
1.0901,0.006672972
1.0902,0.006557158
1.0903,0.006292644
1.0904,0.006103674
1.0905,0.005869700
1.0906,0.005857444
1.0907,0.005553197
1.0908,0.005493233
1.0909,0.005342299
1.0910,0.005145300
1.0911,0.005123587
1.0912,0.00495348
1.0913,0.004831457
1.0914,0.004668021
1.0915,0.004535921
1.0916,0.004372677
1.0917,0.00438228
1.0918,0.00434896
1.0919,0.00416250
1.0920,0.003980989
1.0921,0.003900519
1.0922,0.003735103
1.0923,0.003703665
1.0924,0.00373771
1.0925,0.003645098
1.0926,0.003434099
1.0927,0.003314695
1.0928,0.003251724
1.0929,0.003123096
1.0930,0.003124782
1.0931,0.003191150
1.0932,0.002941367
1.0933,0.002915268
1.0934,0.003022455
1.0935,0.002855421
1.0936,0.002776124
1.0937,0.002640042
1.0938,0.002772415
1.0939,0.00252842
1.0940,0.002581049
1.0941,0.002530658
1.0942,0.002479253
1.0943,0.002306265
1.0944,0.002334760
1.0945,0.002285224
1.0946,0.002260370
1.0947,0.002204354
1.0948,0.002213977
1.0949,0.002182993
1.0950,0.002008588
1.0951,0.002040554
1.0952,0.002091728
1.0953,0.00207069
1.0954,0.001973725
1.0955,0.002077096
1.0956,0.001916928
1.0957,0.001926377
1.0958,0.00179645
1.0959,0.001773482
1.0960,0.001740977
1.0961,0.001709013
1.0962,0.00168586
1.0963,0.001597906
1.0964,0.001752763
1.0965,0.001499526
1.0966,0.001653348
1.0967,0.001685835
1.0968,0.001538274
1.0969,0