0.280299988,0
0.280479981,0
0.280659973,0
0.280839996,0
0.281019989,0
0.281199982,0
0.281379974,0
0.281559998,0
0.28173999,0
0.281919983,0
0.282099976,0
0.282279999,0
0.282459992,0
0.282639984,0
0.282819977,0
0.283,0
0.283179993,0
0.283359985,0
0.283539978,0
0.283720001,0
0.283899994,0
0.284079987,0
0.284259979,0
0.284440002,0
0.284619995,0
0.284799988,0
0.284979981,0
0.285160004,0
0.285339996,0
0.285519989,0
0.285699982,0
0.285879974,0
0.286059998,0
0.28623999,0
0.286419983,0
0.286599976,0
0.286779999,0
0.286959992,0
0.287139984,0
0.287319977,0
0.2875,0
0.287679993,0
0.287859985,0
0.288039978,0
0.288220001,0
0.288399994,0
0.288579987,0
0.288759979,0
0.288940002,0
0.289119995,0
0.289299988,0
0.289479981,0
0.289660004,0
0.289839996,0
0.290019989,0
0.290199982,0
0.290379974,0
0.290559998,0
0.29073999,0
0.290919983,0
0.291099976,0
0.291279999,0
0.291459992,0
0.291639984,0
0.291819977,0
0.292,0
0.292179993,0
0.292359985,0
0.292539978,0
0.292720001,0
0.292899994,0
0.293079987,0
0.293259979,0
0.293440002,0
0.293619995,0
0.293799988,0
0.293979981,0
0.294160004,0
0.294339996,0
0.294519989,0
0.294699982,0
0.294879974,0
0.295059998,0
0.29523999,0
0.295419983,0
0.295599976,0
0.295779999,0
0.295959992,0
0.296139984,0
0.296319977,0
0.2965,0
0.296679993,0
0.296859985,0
0.297039978,0
0.297220001,0
0.297399994,0
0.297579987,0
0.297759979,0
0.297940002,0
0.298119995,0
0.298299988,0
0.298479981,0
0.298660004,0
0.298839996,0
0.299019989,0
0.299199982,0
0.299379974,0
0.299559998,0
0.29973999,0
0.299919983,0
0.300099976,0
0.300279999,0
0.300459992,0
0.300639984,0
0.300819977,0
0.301,0
0.301179993,0
0.301359985,0
0.301539978,0
0.301720001,0
0.301899994,0
0.302079987,0
0.302259979,0
0.302440002,0
0.302619995,0
0.302799988,0
0.302979981,0
0.303160004,0
0.303339996,0
0.303519989,0
0.303699982,0
0.303879974,0
0.304059998,0
0.30423999,0
0.304419983,0
0.304599976,0
0.304779999,0
0.304959992,0
0.305139984,0
0.305319977,0
0.3055,0
0.305679993,0
0.305859985,0
0.306039978,0
0.306220001,0
0.306399994,0
0.306579987,0
0.306759979,0
0.306940002,0
0.307119995,0
0.307299988,0
0.307479981,0
0.307660004,0
0.307839996,0
0.308019989,0
0.308199982,0
0.308379974,0
0.308559998,0
0.30873999,0
0.308919983,0
0.309099976,0
0.309279999,0
0.309459992,0
0.309639984,0
0.309819977,0
0.31,0
0.310179993,0
0.310359985,0
0.310539978,0
0.310720001,0
0.310899994,0
0.311079987,0
0.311259979,0
0.311440002,0
0.311619995,0
0.311799988,0
0.311979981,0
0.312160004,0
0.312339996,0
0.312519989,0
0.312699982,0
0.312880005,0
0.313059998,0
0.31323999,0
0.313419983,0
0.313599976,0
0.313779999,0
0.313959992,0
0.314139984,0
0.314319977,0
0.3145,0
0.314679993,0
0.314859985,0
0.315039978,0
0.315220001,0
0.315399994,0
0.315579987,0
0.315759979,0
0.315940002,0
0.316119995,0
0.316299988,0
0.316479981,0
0.316660004,0
0.316839996,0
0.317019989,0
0.317199982,0
0.317380005,0
0.317559998,0
0.31773999,0
0.317919983,0
0.318099976,0
0.318279999,0
0.318459992,0
0.318639984,0
0.318819977,0
0.319,0
0.319179993,0
0.319359985,0
0.319539978,0
0.319720001,0
0.319899994,0
0.320079987,0
0.320259979,0
0.320440002,0
0.320619995,0
0.320799988,0
0.320979981,0
0.321160004,0
0.321339996,0
0.321519989,0
0.321699982,0
0.321880005,0
0.322059998,0
0.32223999,0
0.322419983,0
0.322599976,0
0.322779999,0
0.322959992,0
0.323139984,0
0.323319977,0
0.3235,0
0.323679993,0
0.323859985,0
0.324039978,0
0.324220001,0
0.324399994,0
0.324579987,0
0.324759979,0
0.324940002,0
0.325119995,0
0.325299988,0
0.325479981,0
0.325660004,0
0.325839996,0
0.326019989,0
0.326199982,0
0.326380005,0
0.326559998,0
0.32673999,0
0.326919983,0
0.327099976,0
0.327279999,0
0.327459992,0
0.327639984,0
0.327819977,0
0.328,0
0.328179993,0
0.328359985,6.21303E-06
0.328539978,0.000163083
0.328720001,0.000328477
0.328899994,0.000523532
0.329079987,0.000574881
0.329259979,0.000380146
0.329440002,7.1926E-05
0.329619995,0
0.329799988,0
0.329979981,0
0.330160004,0
0.330339996,0
0.330519989,0
0.330699982,0
0.330880005,0
0.331059998,0
0.33123999,0
0.331419983,0
0.331599976,0
0.331779999,0
0.331959992,0
0.332139984,0
0.332319977,0
0.3325,0
0.332679993,0
0.332859985,0
0.333039978,0
0.333220001,0
0.333399994,0
0.333579987,0
0.333759979,0
0.333940002,0
0.334119995,0
0.334299988,0
0.334479981,0
0.334660004,0
0.334839996,0
0.335019989,0
0.335199982,0
0.335380005,0
0.335559998,0
0.33573999,0
0.335919983,0
0.336099976,0
0.336279999,0
0.336459992,0
0.336639984,0
0.336819977,0
0.337,0
0.337179993,0
0.337359985,0
0.337539978,0
0.337720001,0
0.337899994,0
0.338079987,0
0.338259979,0
0.338440002,0
0.338619995,0
0.338799988,0
0.338979981,0
0.339160004,0
0.339339996,0
0.339519989,0
0.339699982,0
0.339880005,0
0.340059998,0
0.34023999,0
0.340419983,0
0.340599976,0
0.340779999,0
0.340959992,0
0.341139984,0
0.341319977,0
0.3415,0
0.341679993,0
0.341859985,0
0.342039978,0
0.342220001,0
0.342399994,0
0.342579987,0
0.342759979,0
0.342940002,0
0.343119995,0
0.343299988,0
0.343479981,0
0.343660004,0
0.343839996,0
0.344019989,0
0.344199982,0
0.344380005,0
0.344559998,0
0.34473999,0
0.344919983,0
0.345100006,0
0.345279999,0
0.345459992,0
0.345639984,0
0.345819977,0
0.346,0
0.346179993,0
0.346359985,0
0.346539978,0
0.346720001,0
0.346899994,0
0.347079987,0
0.347259979,0
0.347440002,0
0.347619995,0
0.347799988,0
0.347979981,0
0.348160004,0
0.348339996,0
0.348519989,0
0.348699982,0
0.348880005,0
0.349059998,0
0.34923999,0
0.349419983,0
0.349600006,0
0.349779999,0
0.349959992,0
0.350139984,0
0.350319977,0
0.3505,0
0.350679993,0
0.350859985,0
0.351039978,0
0.351220001,0
0.351399994,0
0.351579987,0
0.351759979,0
0.351940002,0
0.352119995,0
0.352299988,0
0.352479981,0
0.352660004,0
0.352839996,0
0.353019989,0
0.353199982,0
0.353380005,0
0.353559998,0
0.35373999,0
0.353919983,0
0.354100006,0
0.354279999,0
0.354459992,0
0.354639984,0
0.354819977,0
0.355,0
0.355179993,0
0.355359985,0
0.355539978,0
0.355720001,0
0.355899994,0
0.356079987,0
0.356259979,0
0.356440002,0
0.356619995,0
0.356799988,0
0.356979981,0
0.357160004,0
0.357339996,0
0.357519989,0
0.357699982,0
0.357880005,0
0.358059998,0
0.35823999,0
0.358419983,0
0.358600006,0
0.358779999,0
0.358959992,0
0.359139984,0
0.359319977,0
0.3595,0
0.359679993,0
0.359859985,0
0.360039978,0
0.360220001,0
0.360399994,0
0.360579987,0
0.360759979,0
0.360940002,0
0.361119995,0
0.361299988,0
0.361479981,0
0.361660004,0
0.361839996,0
0.362019989,0
0.362199982,0
0.362380005,0
0.362559998,0
0.36273999,0
0.362919983,0
0.363100006,0
0.363279999,0
0.363459992,0
0.363639984,0
0.363819977,0
0.364,0
0.364179993,0
0.364359985,0
0.364539978,0
0.364720001,0
0.364899994,0
0.365079987,0
0.365259979,0
0.365440002,0
0.365619995,0
0.365799988,0
0.365979981,0
0.366160004,0
0.366339996,0
0.366519989,0
0.366699982,0
0.366880005,0
0.367059998,0
0.36723999,0
0.367419983,0
0.367600006,0
0.367779999,0
0.367959992,0
0.368139984,0
0.368319977,0
0.3685,0
0.368679993,0
0.368859985,0
0.369039978,0
0.369220001,0
0.369399994,0
0.369579987,0
0.369759979,0
0.369940002,0
0.370119995,0
0.370299988,0
0.370479981,0
0.370660004,0
0.370839996,0
0.371019989,0
0.371199982,0
0.371380005,0
0.371559998,0
0.37173999,0
0.371919983,0
0.372100006,0
0.372279999,0
0.372459992,0
0.372639984,0
0.372819977,0
0.373,0
0.373179993,0
0.373359985,0
0.373539978,0
0.373720001,0
0.373899994,0
0.374079987,0
0.374259979,0
0.374440002,0
0.374619995,0
0.374799988,0
0.374979981,0
0.375160004,0
0.375339996,0
0.375519989,0
0.375699982,0
0.375880005,0
0.376059998,0
0.37623999,0
0.376419983,0
0.376600006,0
0.376779999,0
0.376959992,0
0.377139984,0
0.377320007,0
0.3775,0
0.377679993,0
0.377859985,0
0.378039978,0
0.378220001,0
0.378399994,0
0.378579987,0
0.378759979,0
0.378940002,0
0.379119995,0
0.379299988,0
0.379479981,0
0.379660004,0
0.379839996,0
0.380019989,0
0.380199982,0
0.380380005,0
0.380559998,0
0.38073999,0
0.380919983,0
0.381100006,0
0.381279999,0
0.381459992,0
0.381639984,0
0.381820007,0
0.382,0
0.382179993,0
0.382359985,0
0.382539978,0
0.382720001,0
0.382899994,0
0.383079987,0
0.383259979,0
0.383440002,0
0.383619995,0
0.383799988,0
0.383979981,0
0.384160004,0
0.384339996,0
0.384519989,0
0.384699982,0
0.384880005,0
0.385059998,0
0.38523999,0
0.385419983,0
0.385600006,0
0.385779999,0
0.385959992,0
0.386139984,0
0.386320007,0
0.3865,0
0.386679993,0
0.386859985,0
0.387039978,0
0.387220001,0
0.387399994,0
0.387579987,0
0.387759979,0
0.387940002,0
0.388119995,0
0.388299988,0
0.388479981,0
0.388660004,0
0.388839996,0
0.389019989,0
0.389199982,0
0.389380005,0
0.389559998,0
0.38973999,0
0.389919983,0
0.390100006,0
0.390279999,0
0.390459992,0
0.390639984,0
0.390820007,0
0.391,0
0.391179993,0
0.391359985,0
0.391539978,0
0.391720001,0
0.391899994,0
0.392079987,0
0.392259979,0
0.392440002,0
0.392619995,0
0.392799988,0
0.392979981,0
0.393160004,0
0.393339996,0
0.393519989,0
0.393699982,0
0.393880005,0
0.394059998,0
0.39423999,0
0.394419983,0
0.394600006,0
0.394779999,0
0.394959992,0
0.395139984,0
0.395320007,0
0.3955,0
0.395679993,0
0.395859985,0
0.396039978,0
0.396220001,0
0.396399994,0
0.396579987,0
0.396759979,0
0.396940002,0
0.397119995,0
0.397299988,0
0.397479981,0
0.397660004,0
0.397839996,0
0.398019989,0
0.398199982,0
0.398380005,0
0.398559998,0
0.39873999,0
0.398919983,0
0.399100006,0
0.399279999,0
0.399459992,0
0.399639984,0
0.399820007,0
0.4,0
0.400179993,0
0.400359985,0
0.400539978,0
0.400720001,0
0.400899994,0
0.401079987,0
0.401259979,0
0.401440002,0
0.401619995,0
0.401799988,0
0.401979981,0
0.402160004,0
0.402339996,0
0.402519989,0
0.402699982,0
0.402880005,0
0.403059998,0
0.40323999,0
0.403419983,0
0.403600006,0
0.403779999,0
0.403959992,0
0.404139984,0
0.404320007,0
0.4045,0
0.404679993,0
0.404859985,0
0.405039978,0
0.405220001,0
0.405399994,0
0.405579987,0
0.405759979,0
0.405940002,0
0.406119995,0
0.406299988,0
0.406479981,0
0.406660004,0
0.406839996,0
0.407019989,0
0.407199982,0
0.407380005,0
0.407559998,0
0.40773999,0
0.407919983,0
0.408100006,0
0.408279999,0
0.408459992,0
0.408639984,0
0.408820007,0
0.409,0
0.409179993,0
0.409359985,0
0.409540009,0
0.409720001,0
0.409899994,0
0.410079987,0
0.410259979,0
0.410440002,0
0.410619995,0
0.410799988,0
0.410979981,0
0.411160004,0
0.411339996,0
0.411519989,0
0.411699982,0
0.411880005,0
0.412059998,0
0.41223999,0
0.412419983,0
0.412600006,0
0.412779999,0
0.412959992,0
0.413139984,0
0.413320007,0
0.4135,0
0.413679993,0
0.413859985,0
0.414040009,0
0.414220001,0
0.414399994,0
0.414579987,0
0.414759979,0
0.414940002,0
0.415119995,0
0.415299988,0
0.415479981,0
0.415660004,0
0.415839996,0
0.416019989,0
0.416199982,0
0.416380005,0
0.416559998,0
0.41673999,0
0.416919983,0
0.417100006,0
0.417279999,0
0.417459992,0
0.417639984,0
0.417820007,0
0.418,0
0.418179993,0
0.418359985,0
0.418540009,0
0.418720001,0
0.418899994,0
0.419079987,0
0.419259979,0
0.419440002,0
0.419619995,0
0.419799988,0
0.419979981,0
0.420160004,0
0.420339996,0
0.420519989,0
0.420699982,0
0.420880005,0
0.421059998,0
0.42123999,0
0.421419983,0
0.421600006,0
0.421779999,0
0.421959992,0
0.422139984,0
0.422320007,0
0.4225,0
0.422679993,0
0.422859985,0
0.423040009,0
0.423220001,0
0.423399994,0
0.423579987,0
0.423759979,0
0.423940002,0
0.424119995,0
0.424299988,0
0.424479981,0
0.424660004,0
0.424839996,0
0.425019989,0
0.425199982,0
0.425380005,0
0.425559998,0
0.42573999,0
0.425919983,0
0.426100006,0
0.426279999,0
0.426459992,0
0.426639984,0
0.426820007,0
0.427,0
0.427179993,0
0.427359985,0
0.427540009,0
0.427720001,0
0.427899994,0
0.428079987,0
0.428259979,0
0.428440002,0
0.428619995,0
0.428799988,0
0.428979981,0
0.429160004,0
0.429339996,0
0.429519989,0
0.429699982,0
0.429880005,0
0.430059998,0
0.43023999,0
0.430419983,0
0.430600006,0
0.430779999,0
0.430959992,0
0.431139984,0
0.431320007,0
0.4315,0
0.431679993,0
0.431859985,0
0.432040009,0
0.432220001,0
0.432399994,0
0.432579987,0
0.432759979,0
0.432940002,0
0.433119995,0
0.433299988,0
0.433479981,0
0.433660004,0
0.433839996,0
0.434019989,0
0.434199982,0
0.434380005,0
0.434559998,0
0.43473999,0
0.434919983,0
0.435100006,0
0.435279999,0
0.435459992,0
0.435639984,0
0.435820007,0
0.436,0
0.436179993,0
0.436359985,0
0.436540009,0
0.436720001,0
0.436899994,0
0.437079987,0
0.43726001,0
0.437440002,0
0.437619995,0
0.437799988,0
0.437979981,0
0.438160004,0
0.438339996,0
0.438519989,0
0.438699982,0
0.438880005,0
0.439059998,0
0.43923999,0
0.439419983,0
0.439600006,0
0.439779999,0
0.439959992,0
0.440139984,0
0.440320007,0
0.4405,0
0.440679993,0
0.440859985,0
0.441040009,0
0.441220001,0
0.441399994,0
0.441579987,0
0.44176001,0
0.441940002,0
0.442119995,0
0.442299988,0
0.442479981,0
0.442660004,0
0.442839996,0
0.443019989,0
0.443199982,0
0.443380005,0
0.443559998,0
0.44373999,0
0.443919983,0
0.444100006,0
0.444279999,0
0.444459992,0
0.444639984,0
0.444820007,0
0.445,0
0.445179993,0
0.445359985,0
0.445540009,0
0.445720001,0
0.445899994,0
0.446079987,0
0.44626001,0
0.446440002,0
0.446619995,0
0.446799988,0
0.446979981,0
0.447160004,0
0.447339996,0
0.447519989,0
0.447699982,0
0.447880005,0
0.448059998,0
0.44823999,0
0.448419983,0
0.448600006,0
0.448779999,0
0.448959992,0
0.449139984,0
0.449320007,0
0.4495,0
0.449679993,0
0.449859985,0
0.450040009,0
0.450220001,0
0.450399994,0
0.450579987,0
0.45076001,0
0.450940002,0
0.451119995,0
0.451299988,0
0.451479981,0
0.451660004,0
0.451839996,0
0.452019989,0
0.452199982,0
0.452380005,0
0.452559998,0
0.45273999,0
0.452919983,0
0.453100006,0
0.453279999,0
0.453459992,0
0.453639984,0
0.453820007,0
0.454,0
0.454179993,0
0.454359985,0
0.454540009,0
0.454720001,0
0.454899994,0
0.455079987,0
0.45526001,0
0.455440002,0
0.455619995,0
0.455799988,0
0.455979981,0
0.456160004,0
0.456339996,0
0.456519989,0
0.456699982,0
0.456880005,0
0.457059998,0
0.45723999,0
0.457419983,0
0.457600006,0
0.457779999,0
0.457959992,0
0.458139984,0
0.458320007,0
0.4585,0
0.458679993,0
0.458859985,0
0.459040009,0
0.459220001,0
0.459399994,0
0.459579987,0
0.45976001,0
0.459940002,0
0.460119995,0
0.460299988,0
0.460479981,0
0.460660004,0
0.460839996,0
0.461019989,0
0.461199982,0
0.461380005,0
0.461559998,0
0.46173999,0
0.461919983,0
0.462100006,0
0.462279999,0
0.462459992,0
0.462639984,0
0.462820007,0
0.463,0
0.463179993,0
0.463359985,0
0.463540009,0
0.463720001,0
0.463899994,0
0.464079987,0
0.46426001,0
0.464440002,0
0.464619995,0
0.464799988,0
0.464979981,0
0.465160004,0
0.465339996,0
0.465519989,0
0.465699982,0
0.465880005,0
0.466059998,0
0.46623999,0
0.466419983,0
0.466600006,0
0.466779999,0
0.466959992,0
0.467139984,0
0.467320007,0
0.4675,0
0.467679993,0
0.467859985,0
0.468040009,0
0.468220001,0
0.468399994,0
0.468579987,0
0.46876001,0
0.468940002,0
0.469119995,0
0.469299988,0
0.469480011,0
0.469660004,0
0.469839996,0
0.470019989,0
0.470199982,0
0.470380005,0
0.470559998,0
0.47073999,0
0.470919983,0
0.471100006,0
0.471279999,0
0.471459992,0
0.471639984,0
0.471820007,0
0.472,0
0.472179993,0
0.472359985,0
0.472540009,0
0.472720001,0
0.472899994,0
0.473079987,0
0.47326001,0
0.473440002,0
0.473619995,0
0.473799988,0
0.473980011,0
0.474160004,0
0.474339996,0
0.474519989,0
0.474699982,0
0.474880005,0
0.475059998,0
0.47523999,0
0.475419983,0
0.475600006,0
0.475779999,0
0.475959992,0
0.476139984,0
0.476320007,0
0.4765,0
0.476679993,0
0.476859985,0
0.477040009,0
0.477220001,0
0.477399994,0
0.477579987,0
0.47776001,0
0.477940002,0
0.478119995,0
0.478299988,0
0.478480011,0
0.478660004,0
0.478839996,0
0.479019989,0
0.479199982,0
0.479380005,0
0.479559998,0
0.47973999,0
0.479919983,0
0.480100006,0
0.480279999,0
0.480459992,0
0.480639984,0
0.480820007,0
0.481,0
0.481179993,0
0.481359985,0
0.481540009,0
0.481720001,0
0.481899994,0
0.482079987,0
0.48226001,0
0.482440002,0
0.482619995,0
0.482799988,0
0.482980011,0
0.483160004,0
0.483339996,0
0.483519989,0
0.483699982,0
0.483880005,0
0.484059998,0
0.48423999,0
0.484419983,0
0.484600006,0
0.484779999,0
0.484959992,0
0.485139984,0
0.485320007,0
0.4855,0
0.485679993,0
0.485859985,0
0.486040009,0
0.486220001,0
0.486399994,0
0.486579987,0
0.48676001,0
0.486940002,0
0.487119995,0
0.487299988,0
0.487480011,0
0.487660004,0
0.487839996,0
0.488019989,0
0.488199982,0
0.488380005,0
0.488559998,0
0.48873999,0
0.488919983,0
0.489100006,0
0.489279999,0
0.489459992,0
0.489639984,0
0.489820007,0
0.49,0
0.490179993,0
0.490359985,0
0.490540009,0
0.490720001,0
0.490899994,0
0.491079987,0
0.49126001,0
0.491440002,0
0.491619995,0
0.491799988,0
0.491980011,0
0.492160004,0
0.492339996,0
0.492519989,0
0.492699982,0
0.492880005,0
0.493059998,0
0.49323999,0
0.493419983,0
0.493600006,0
0.493779999,0
0.493959992,0
0.494139984,0
0.494320007,0
0.4945,0
0.494679993,0
0.494859985,0
0.495040009,0
0.495220001,0
0.495399994,0
0.495579987,0
0.49576001,0
0.495940002,0
0.496119995,0
0.496299988,0
0.496480011,0
0.496660004,0
0.496839996,0
0.497019989,0
0.497200012,0
0.497380005,0
0.497559998,0
0.49773999,0
0.497919983,0
0.498100006,0
0.498279999,0
0.498459992,0
0.498639984,0
0.498820007,0
0.499,0
0.499179993,0
0.499359985,0
0.499540009,0
0.499720001,0
0.499899994,0
0.500079987,0
0.50026001,0
0.500440002,0
0.500619995,0
0.500799988,0
0.500980011,0
0.501160004,0
0.501339996,0
0.501519989,0
0.501700012,0
0.501880005,0
0.502059998,0
0.50223999,0
0.502419983,0
0.502600006,0
0.502779999,0
0.502959992,0
0.503139984,0
0.503320007,0
0.5035,0
0.503679993,0
0.503859985,0
0.504040009,0
0.504220001,0
0.504399994,0
0.504579987,0
0.50476001,0
0.504940002,0
0.505119995,0
0.505299988,0
0.505480011,0
0.505660004,0
0.505839996,0
0.506019989,0
0.506200012,0
0.506380005,0
0.506559998,0
0.50673999,0
0.506919983,0
0.507100006,0
0.507279999,0
0.507459992,0
0.507639984,0
0.507820007,0
0.508,0
0.508179993,0
0.508359985,0
0.508540009,0
0.508720001,0
0.508899994,0
0.509079987,0
0.50926001,0
0.509440002,0
0.509619995,0
0.509799988,0
0.509980011,0
0.510160004,0
0.510339996,0
0.510519989,0
0.510700012,0
0.510880005,0
0.511059998,0
0.51123999,0
0.511419983,0
0.511600006,0
0.511779999,0
0.511959992,0
0.512140015,0
0.512320007,0
0.5125,0
0.512679993,0
0.512859985,0
0.513039978,0
0.513219971,0
0.513400024,0
0.513580017,0
0.51376001,0
0.513940002,0
0.514119995,0
0.514299988,0
0.514479981,0
0.514659973,0
0.514840027,0
0.51502002,0
0.515200012,0
0.515380005,0
0.515559998,0
0.51573999,0
0.515919983,0
0.516099976,0
0.516279968,0
0.516460022,0
0.516640015,0
0.516820007,0
0.517,0
0.517179993,0
0.517359985,0
0.517539978,0
0.517719971,0
0.517900024,0
0.518080017,0
0.51826001,0
0.518440002,0
0.518619995,0
0.518799988,0
0.518979981,0
0.519159973,0
0.519340027,0
0.51952002,0
0.519700012,0
0.519880005,0
0.520059998,0
0.52023999,0
0.520419983,0
0.520599976,0
0.520779968,0
0.520960022,0
0.521140015,0
0.521320007,0
0.5215,0
0.521679993,0
0.521859985,0
0.522039978,0
0.522219971,0
0.522400024,0
0.522580017,0
0.52276001,0
0.522940002,0
0.523119995,0
0.523299988,0
0.523479981,0
0.523659973,0
0.523840027,0
0.52402002,0
0.524200012,0
0.524380005,0
0.524559998,0
0.52473999,0
0.524919983,0
0.525099976,0
0.525279968,0
0.525460022,0
0.525640015,0
0.525820007,0
0.526,0
0.526179993,0
0.526359985,0
0.526539978,0
0.526719971,0
0.526900024,0
0.527080017,0
0.52726001,0
0.527440002,0
0.527619995,0
0.527799988,0
0.527979981,0
0.528159973,0
0.528340027,0
0.52852002,0
0.528700012,0
0.528880005,0
0.529059998,0
0.52923999,0
0.529419983,0
0.529599976,0
0.529779968,0
0.529960022,0
0.530140015,0
0.530320007,0
0.5305,0
0.530679993,0
0.530859985,0
0.531039978,0
0.531219971,0
0.531400024,0
0.531580017,0
0.53176001,0
0.531940002,0
0.532119995,0
0.532299988,0
0.532479981,0
0.532659973,0
0.532840027,0
0.53302002,0
0.533200012,0
0.533380005,0
0.533559998,0
0.53373999,0
0.533919983,0
0.534099976,0
0.534279968,0
0.534460022,0
0.534640015,0
0.534820007,0
0.535,0
0.535179993,0
0.535359985,0
0.535539978,0
0.535719971,0
0.535900024,0
0.536080017,0
0.53626001,0
0.536440002,0
0.536619995,0
0.536799988,0
0.536979981,0
0.537159973,0
0.537340027,0
0.53752002,0
0.537700012,0
0.537880005,0
0.538059998,0
0.53823999,0
0.538419983,0
0.538599976,0
0.538779968,0
0.538960022,0
0.539140015,0
0.539320007,0
0.5395,0
0.539679993,0
0.539859985,0
0.540039978,0
0.540219971,0
0.540400024,0
0.540580017,0
0.54076001,0
0.540940002,0
0.541119995,0
0.541299988,0
0.541479981,0
0.541659973,0
0.541840027,0
0.54202002,0
0.542200012,0
0.542380005,0
0.542559998,0
0.54273999,0
0.542919983,0
0.543099976,0
0.543280029,0
0.543460022,0
0.543640015,0
0.543820007,0
0.544,0
0.544179993,0
0.544359985,0
0.544539978,0
0.544719971,0
0.544900024,0
0.545080017,0
0.54526001,0
0.545440002,0
0.545619995,0
0.545799988,0
0.545979981,0
0.546159973,0
0.546340027,0
0.54652002,0
0.546700012,0
0.546880005,0
0.547059998,0
0.54723999,0
0.547419983,0
0.547599976,0
0.547780029,0
0.547960022,0
0.548140015,0
0.548320007,0
0.5485,0
0.548679993,0
0.548859985,0
0.549039978,0
0.549219971,0
0.549400024,0
0.549580017,0
0.54976001,0
0.549940002,0
0.550119995,0
0.550299988,0
0.550479981,0
0.550659973,0
0.550840027,0
0.55102002,0
0.551200012,0
0.551380005,0
0.551559998,0
0.55173999,0
0.551919983,0
0.552099976,0
0.552280029,0
0.552460022,0
0.552640015,0
0.552820007,0
0.553,0
0.553179993,0
0.553359985,0
0.553539978,0
0.553719971,0
0.553900024,0
0.554080017,0
0.55426001,0
0.554440002,0
0.554619995,0
0.554799988,0
0.554979981,0
0.555159973,0
0.555340027,0
0.55552002,0
0.555700012,0
0.555880005,0
0.556059998,0
0.55623999,0
0.556419983,0
0.556599976,0
0.556780029,0
0.556960022,0
0.557140015,0
0.557320007,0
0.5575,0
0.557679993,0
0.557859985,0
0.558039978,0
0.558219971,0
0.558400024,0
0.558580017,0
0.55876001,0
0.558940002,0
0.559119995,0
0.559299988,0
0.559479981,0
0.559659973,0
0.559840027,0
0.56002002,0
0.560200012,0
0.560380005,0
0.560559998,0
0.56073999,0
0.560919983,0
0.561099976,0
0.561280029,0
0.561460022,0
0.561640015,0
0.561820007,0
0.562,0
0.562179993,0
0.562359985,0
0.562539978,0
0.562719971,0
0.562900024,0
0.563080017,0
0.56326001,0
0.563440002,0
0.563619995,0
0.563799988,0
0.563979981,0
0.564159973,0
0.564340027,0
0.56452002,0
0.564700012,0
0.564880005,0
0.565059998,0
0.56523999,0
0.565419983,0
0.565599976,0
0.565780029,0
0.565960022,0
0.566140015,0
0.566320007,0
0.5665,0
0.566679993,0
0.566859985,0
0.567039978,0
0.567219971,0
0.567400024,0
0.567580017,0
0.56776001,0
0.567940002,0
0.568119995,0
0.568299988,0
0.568479981,0
0.568659973,0
0.568840027,0
0.56902002,0
0.569200012,0
0.569380005,0
0.569559998,0
0.56973999,0
0.569919983,0
0.570099976,0
0.570280029,0
0.570460022,0
0.570640015,0
0.570820007,0
0.571,0
0.571179993,0
0.571359985,0
0.571539978,0
0.571719971,0
0.571900024,0
0.572080017,0
0.57226001,0
0.572440002,0
0.572619995,0
0.572799988,0
0.572979981,0
0.573159973,0
0.573340027,0
0.57352002,0
0.573700012,0
0.573880005,0
0.574059998,0
0.57423999,0
0.574419983,0
0.574599976,0
0.574780029,0
0.574960022,0
0.575140015,0
0.575320007,0
0.5755,0
0.575679993,0
0.575859985,0
0.576039978,0
0.576219971,0
0.576400024,0
0.576580017,0
0.57676001,0
0.576940002,0
0.577119995,0
0.577299988,0
0.577479981,0
0.577659973,0
0.577840027,0
0.57802002,0
0.578200012,0
0.578380005,0
0.578559998,0
0.57873999,0
0.578919983,0
0.579099976,0
0.579280029,0
0.579460022,0
0.579640015,0
0.579820007,0
0.58,0
0.580179993,0
0.580359985,0
0.580539978,0
0.580719971,0
0.580900024,0
0.581080017,0
0.58126001,0
0.581440002,0
0.581619995,0
0.581799988,0
0.581979981,0
0.582159973,0
0.582340027,0
0.58252002,0
0.582700012,0
0.582880005,0
0.583059998,0
0.58323999,0
0.583419983,0
0.583599976,0
0.583780029,0
0.583960022,0
0.584140015,0
0.584320007,0
0.5845,0
0.584679993,0
0.584859985,0
0.585039978,0
0.585219971,0
0.585400024,0
0.585580017,0
0.58576001,0
0.585940002,0
0.586119995,0
0.586299988,0
0.586479981,0
0.586659973,0
0.586840027,0
0.58702002,0
0.587200012,0
0.587380005,0
0.587559998,0
0.58773999,0
0.587919983,0
0.588099976,0
0.588280029,0
0.588460022,0
0.588640015,0
0.588820007,0
0.589,0
0.589179993,0
0.589359985,0
0.589539978,0
0.589719971,0
0.589900024,0
0.590080017,0
0.59026001,0
0.590440002,0
0.590619995,0
0.590799988,0
0.590979981,0
0.591159973,0
0.591340027,0
0.59152002,0
0.591700012,0
0.591880005,0
0.592059998,0
0.59223999,0
0.592419983,0
0.592599976,0
0.592780029,0
0.592960022,0
0.593140015,0
0.593320007,0
0.5935,0
0.593679993,0
0.593859985,0
0.594039978,0
0.594219971,0
0.594400024,0
0.594580017,0
0.59476001,0
0.594940002,0
0.595119995,0
0.595299988,0
0.595479981,0
0.595659973,0
0.595840027,0
0.59602002,0
0.596200012,0
0.596380005,0
0.596559998,0
0.59673999,0
0.596919983,0
0.597099976,0
0.597280029,0
0.597460022,0
0.597640015,0
0.597820007,0
0.598,0
0.598179993,0
0.598359985,0
0.598539978,0
0.598719971,0
0.598900024,0
0.599080017,0
0.59926001,0
0.599440002,0
0.599619995,0
0.599799988,0
0.599979981,0
0.600159973,0
0.600340027,0
0.60052002,0
0.600700012,0
0.600880005,0
0.601059998,0
0.60123999,0
0.601419983,0
0.601599976,0
0.601780029,0
0.601960022,0
0.602140015,0
0.602320007,0
0.6025,0
0.602679993,0
0.602859985,0
0.603039978,0
0.603219971,0
0.603400024,0
0.603580017,0
0.60376001,0
0.603940002,0
0.604119995,0
0.604299988,0
0.604479981,0
0.604659973,0
0.604840027,0
0.60502002,0
0.605200012,0
0.605380005,0
0.605559998,0
0.60573999,0
0.605919983,0
0.606099976,0
0.606280029,0
0.606460022,0
0.606640015,0
0.606820007,0
0.607,0
0.607179993,0
0.607359985,0
0.607539978,0
0.607720032,0
0.607900024,0
0.608080017,0
0.60826001,0
0.608440002,0
0.608619995,0
0.608799988,0
0.608979981,0
0.609159973,0
0.609340027,0
0.60952002,0
0.609700012,0
0.609880005,0
0.610059998,0
0.61023999,0
0.610419983,0
0.610599976,0
0.610780029,0
0.610960022,0
0.611140015,0
0.611320007,0
0.6115,0
0.611679993,0
0.611859985,0
0.612039978,0
0.612220032,0
0.612400024,0
0.612580017,0
0.61276001,0
0.612940002,0
0.613119995,0
0.613299988,0
0.613479981,0
0.613659973,0
0.613840027,0
0.61402002,0
0.614200012,0
0.614380005,0
0.614559998,0
0.61473999,0
0.614919983,0
0.615099976,0
0.615280029,0
0.615460022,0
0.615640015,0
0.615820007,0
0.616,0
0.616179993,0
0.616359985,0
0.616539978,0
0.616720032,0
0.616900024,0
0.617080017,0
0.61726001,0
0.617440002,0
0.617619995,0
0.617799988,0
0.617979981,0
0.618159973,0
0.618340027,0
0.61852002,0
0.618700012,0
0.618880005,0
0.619059998,0
0.61923999,0
0.619419983,0
0.619599976,0
0.619780029,0
0.619960022,0
0.620140015,0
0.620320007,0
0.6205,0
0.620679993,0
0.620859985,0
0.621039978,0
0.621220032,0
0.621400024,0
0.621580017,0
0.62176001,0
0.621940002,0
0.622119995,0
0.622299988,0
0.622479981,0
0.622659973,0
0.622840027,0
0.62302002,0
0.623200012,0
0.623380005,0
0.623559998,0
0.62373999,0
0.623919983,0
0.624099976,0
0.624280029,0
0.624460022,0
0.624640015,0
0.624820007,0
0.625,0
0.625179993,0
0.625359985,0
0.625539978,0
0.625720032,0
0.625900024,0
0.626080017,0
0.62626001,0
0.626440002,0
0.626619995,0
0.626799988,0
0.626979981,0
0.627159973,0
0.627340027,0
0.62752002,0
0.627700012,0
0.627880005,0
0.628059998,0
0.62823999,0
0.628419983,0
0.628599976,0
0.628780029,0
0.628960022,0
0.629140015,0
0.629320007,0
0.6295,0
0.629679993,0
0.629859985,0
0.630039978,0
0.630220032,0
0.630400024,0
0.630580017,0
0.63076001,0
0.630940002,0
0.631119995,0
0.631299988,0
0.631479981,0
0.631659973,0
0.631840027,0
0.63202002,0
0.632200012,0
0.632380005,0
0.632559998,0
0.63273999,0
0.632919983,0
0.633099976,0
0.633280029,0
0.633460022,0
0.633640015,0
0.633820007,0
0.634,0
0.634179993,0
0.634359985,0
0.634539978,0
0.634720032,0
0.634900024,0
0.635080017,0
0.63526001,0
0.635440002,0
0.635619995,0
0.635799988,0
0.635979981,0
0.636159973,0
0.636340027,0
0.63652002,0
0.636700012,0
0.636880005,0
0.637059998,0
0.63723999,0
0.637419983,0
0.637599976,0
0.637780029,0
0.637960022,0
0.638140015,0
0.638320007,0
0.6385,0
0.638679993,0
0.638859985,0
0.639039978,0
0.639220032,0
0.639400024,0
0.639580017,0
0.63976001,0
0.639940002,0
0.640119995,0
0.640299988,0
0.640479981,0
0.640659973,0
0.640840027,0
0.64102002,0
0.641200012,0
0.641380005,0
0.641559998,0
0.64173999,0
0.641919983,0
0.642099976,0
0.642280029,0
0.642460022,0
0.642640015,0
0.642820007,2.08968E-05
0.643,8.50631E-05
0.643179993,0.00014566
0.643359985,0.000220568
0.643539978,0.000265939
0.643720032,0.000283489
0.643900024,0.000264629
0.644080017,0.000205277
0.64426001,0.000130723
0.644440002,4.74979E-05
0.644619995,0
0.644799988,0
0.644979981,0
0.645159973,0
0.645340027,0
0.64552002,0
0.645700012,0
0.645880005,0
0.646059998,0
0.64623999,0
0.646419983,0
0.646599976,0
0.646780029,0
0.646960022,0
0.647140015,0
0.647320007,0
0.6475,0
0.647679993,0
0.647859985,0
0.648039978,0
0.648220032,0
0.648400024,0
0.648580017,0
0.64876001,0
0.648940002,0
0.649119995,0
0.649299988,0
0.649479981,0
0.649659973,0
0.649840027,0
0.65002002,0
0.650200012,0
0.650380005,0
0.650559998,0
0.65073999,0
0.650919983,0
0.651099976,0
0.651280029,0
0.651460022,0
0.651640015,0
0.651820007,0
0.652,0
0.652179993,0
0.652359985,0
0.652539978,0
0.652720032,0
0.652900024,0
0.653080017,0
0.65326001,0
0.653440002,0
0.653619995,0
0.653799988,0
0.653979981,0
0.654159973,0
0.654340027,0
0.65452002,0
0.654700012,0
0.654880005,0
0.655059998,0
0.65523999,0
0.655419983,0
0.655599976,0
0.655780029,0
0.655960022,0
0.656140015,0
0.656320007,0
0.6565,0
0.656679993,0
0.656859985,0
0.657039978,0
0.657220032,0
0.657400024,0
0.657580017,0
0.65776001,0
0.657940002,0
0.658119995,0
0.658299988,0
0.658479981,0
0.658659973,0
0.658840027,0
0.65902002,0
0.659200012,0
0.659380005,0
0.659559998,0
0.65973999,0
0.659919983,0
0.660099976,0
0.660280029,0
0.660460022,0
0.660640015,0
0.660820007,0
0.661,0
0.661179993,0
0.661359985,0
0.661539978,0
0.661720032,0
0.661900024,0
0.662080017,0
0.66226001,0
0.662440002,0
0.662619995,0
0.662799988,0
0.662979981,0
0.663159973,0
0.663340027,0
0.66352002,0
0.663700012,0
0.663880005,0
0.664059998,0
0.66423999,0
0.664419983,0
0.664599976,0
0.664780029,0
0.664960022,0
0.665140015,0
0.665320007,0
0.6655,0
0.665679993,0
0.665859985,0
0.666039978,0
0.666220032,0
0.666400024,0
0.666580017,0
0.66676001,0
0.666940002,0
0.667119995,0
0.667299988,0
0.667479981,0
0.667660034,0
0.667840027,0
0.66802002,0
0.668200012,0
0.668380005,0
0.668559998,0
0.66873999,0
0.668919983,0
0.669099976,0
0.669280029,0
0.669460022,0
0.669640015,0
0.669820007,0
0.67,0
0.670179993,0
0.670359985,0
0.670539978,0
0.670720032,0
0.670900024,0
0.671080017,0
0.67126001,0
0.671440002,0
0.671619995,0
0.671799988,0
0.671979981,0
0.672160034,0
0.672340027,0
0.67252002,0
0.672700012,0
0.672880005,0
0.673059998,0
0.67323999,0
0.673419983,0
0.673599976,0
0.673780029,0
0.673960022,0
0.674140015,0
0.674320007,0
0.6745,0
0.674679993,0
0.674859985,0
0.675039978,0
0.675220032,0
0.675400024,0
0.675580017,0
0.67576001,0
0.675940002,0
0.676119995,0
0.676299988,0
0.676479981,0
0.676660034,0
0.676840027,0
0.67702002,0
0.677200012,0
0.677380005,0
0.677559998,0
0.67773999,0
0.677919983,0
0.678099976,0
0.678280029,0
0.678460022,0
0.678640015,0
0.678820007,0
0.679,0
0.679179993,0
0.679359985,0
0.679539978,0
0.679720032,0
0.679900024,0
0.680080017,0
0.68026001,0
0.680440002,0
0.680619995,0
0.680799988,0
0.680979981,0
0.681160034,0
0.681340027,0
0.68152002,0
0.681700012,0
0.681880005,0
0.682059998,0
0.68223999,0
0.682419983,0
0.682599976,0
0.682780029,0
0.682960022,0
0.683140015,0
0.683320007,0
0.6835,0
0.683679993,0
0.683859985,0
0.684039978,0
0.684220032,0
0.684400024,0
0.684580017,0
0.68476001,0
0.684940002,0
0.685119995,0
0.685299988,0
0.685479981,0
0.685660034,0
0.685840027,0
0.68602002,0
0.686200012,0
0.686380005,0
0.686559998,0
0.68673999,0
0.686919983,0
0.687099976,0
0.687280029,0
0.687460022,0
0.687640015,0
0.687820007,0
0.688,0
0.688179993,0
0.688359985,0
0.688539978,0
0.688720032,0
0.688900024,0
0.689080017,0
0.68926001,0
0.689440002,0
0.689619995,0
0.689799988,0
0.689979981,0
0.690160034,0
0.690340027,0
0.69052002,0
0.690700012,0
0.690880005,0
0.691059998,0
0.69123999,0
0.691419983,0
0.691599976,0
0.691780029,0
0.691960022,0
0.692140015,0
0.692320007,0
0.6925,0
0.692679993,0
0.692859985,0
0.693039978,0
0.693220032,0
0.693400024,0
0.693580017,0
0.69376001,0
0.693940002,0
0.694119995,0
0.694299988,0
0.694479981,0
0.694660034,0
0.694840027,0
0.69502002,0
0.695200012,0
0.695380005,0
0.695559998,0
0.69573999,0
0.695919983,0
0.696099976,0
0.696280029,0
0.696460022,0
0.696640015,0
0.696820007,0
0.697,0
0.697179993,0
0.697359985,0
0.697539978,0
0.697720032,0
0.697900024,0
0.698080017,0
0.69826001,0
0.698440002,0
0.698619995,0
0.698799988,0
0.698979981,0
0.699160034,0
0.699340027,0
0.69952002,0
0.699700012,0
0.699880005,0
0.700059998,0
0.70023999,0
0.700419983,0
0.700599976,0
0.700780029,0
0.700960022,0
0.701140015,0
0.701320007,0
0.7015,0
0.701679993,0
0.701859985,0
0.702039978,0
0.702220032,0
0.702400024,0
0.702580017,0
0.70276001,0
0.702940002,0
0.703119995,0
0.703299988,0
0.703479981,0
0.703660034,0
0.703840027,0
0.70402002,0
0.704200012,0
0.704380005,0
0.704559998,0
0.70473999,0
0.704919983,0
0.705099976,0
0.705280029,0
0.705460022,0
0.705640015,0
0.705820007,0
0.706,0
0.706179993,0
0.706359985,0
0.706539978,0
0.706720032,0
0.706900024,0
0.707080017,0
0.70726001,0
0.707440002,0
0.707619995,0
0.707799988,0
0.707979981,0
0.708160034,0
0.708340027,0
0.70852002,0
0.708700012,0
0.708880005,0
0.709059998,0
0.70923999,0
0.709419983,0
0.709599976,0
0.709780029,0
0.709960022,0
0.710140015,0
0.710320007,0
0.7105,0
0.710679993,0
0.710859985,0
0.711039978,0
0.711220032,0
0.711400024,0
0.711580017,0
0.71176001,0
0.711940002,0
0.712119995,0
0.712299988,0
0.712479981,0
0.712660034,0
0.712840027,0
0.71302002,0
0.713200012,0
0.713380005,0
0.713559998,0
0.71373999,0
0.713919983,0
0.714099976,0
0.714280029,0
0.714460022,0
0.714640015,0
0.714820007,0
0.715,0
0.715179993,0
0.715359985,0
0.715539978,0
0.715720032,0
0.715900024,0
0.716080017,0
0.71626001,0
0.716440002,0
0.716619995,0
0.716799988,0
0.716979981,0
0.717160034,0
0.717340027,0
0.71752002,0
0.717700012,0
0.717880005,0
0.718059998,0
0.71823999,0
0.718419983,0
0.718599976,0
0.718780029,0
0.718960022,0
0.719140015,0
0.719320007,0
0.7195,0
0.719679993,0
0.719859985,0
0.720039978,0
0.720220032,0
0.720400024,0
0.720580017,0
0.72076001,0
0.720940002,0
0.721119995,0
0.721299988,0
0.721479981,0
0.721660034,0
0.721840027,0
0.72202002,0
0.722200012,0
0.722380005,0
0.722559998,0
0.72273999,0
0.722919983,0
0.723099976,0
0.723280029,0
0.723460022,0
0.723640015,0
0.723820007,0
0.724,0
0.724179993,0
0.724359985,0
0.724539978,0
0.724720032,0
0.724900024,0
0.725080017,0
0.72526001,0
0.725440002,0
0.725619995,0
0.725799988,0
0.725979981,0
0.726160034,0
0.726340027,0
0.72652002,0
0.726700012,0
0.726880005,0
0.727059998,0
0.72723999,0
0.727419983,0
0.727599976,0
0.727780029,0
0.727960022,0
0.728140015,0
0.728320007,0
0.7285,0
0.728679993,0
0.728859985,0
0.729039978,0
0.729220032,0
0.729400024,0
0.729580017,0
0.72976001,0
0.729940002,0
0.730119995,0
0.730299988,0
0.730479981,0
0.730660034,0
0.730840027,0
0.73102002,0
0.731200012,0
0.731380005,0
0.731559998,0
0.73173999,0
0.731919983,0
0.732100037,0
0.732280029,0
0.732460022,0
0.732640015,0
0.732820007,0
0.733,0
0.733179993,0
0.733359985,0
0.733539978,0
0.733720032,0
0.733900024,0
0.734080017,0
0.73426001,0
0.734440002,0
0.734619995,0
0.734799988,0
0.734979981,0
0.735160034,0
0.735340027,0
0.73552002,0
0.735700012,0
0.735880005,0
0.736059998,0
0.73623999,0
0.736419983,0
0.736600037,0
0.736780029,0
0.736960022,0
0.737140015,0
0.737320007,0
0.7375,0
0.737679993,0
0.737859985,0
0.738039978,0
0.738220032,0
0.738400024,0
0.738580017,0
0.73876001,0
0.738940002,0
0.739119995,0
0.739299988,0
0.739479981,0
0.739660034,0
0.739840027,0
0.74002002,0
0.740200012,0
0.740380005,0
0.740559998,0
0.74073999,0
0.740919983,0
0.741100037,0
0.741280029,0
0.741460022,0
0.741640015,0
0.741820007,0
0.742,0
0.742179993,0
0.742359985,0
0.742539978,0
0.742720032,0
0.742900024,0
0.743080017,0
0.74326001,0
0.743440002,0
0.743619995,0
0.743799988,0
0.743979981,0
0.744160034,0
0.744340027,0
0.74452002,0
0.744700012,0
0.744880005,0
0.745059998,0
0.74523999,0
0.745419983,0
0.745600037,0
0.745780029,0
0.745960022,0
0.746140015,0
0.746320007,0
0.7465,0
0.746679993,0
0.746859985,0
0.747039978,0
0.747220032,0
0.747400024,0
0.747580017,0
0.74776001,0
0.747940002,0
0.748119995,0
0.748299988,0
0.748479981,0
0.748660034,0
0.748840027,0
0.74902002,0
0.749200012,0
0.749380005,0
0.749559998,0
0.74973999,0
0.749919983,0
0.750100037,0
0.750280029,0
0.750460022,0
0.750640015,0
0.750820007,0
0.751,0
0.751179993,0
0.751359985,0
0.751539978,0
0.751720032,0
0.751900024,0
0.752080017,0
0.75226001,0
0.752440002,0
0.752619995,0
0.752799988,0
0.752979981,0
0.753160034,0
0.753340027,0
0.75352002,0
0.753700012,0
0.753880005,0
0.754059998,0
0.75423999,0
0.754419983,0
0.754600037,0
0.754780029,0
0.754960022,0
0.755140015,0
0.755320007,0
0.7555,0
0.755679993,0
0.755859985,0
0.756039978,0
0.756220032,0
0.756400024,0
0.756580017,0
0.75676001,0
0.756940002,0
0.757119995,0
0.757299988,0
0.757479981,0
0.757660034,0
0.757840027,0
0.75802002,0
0.758200012,0
0.758380005,0
0.758559998,0
0.75873999,0
0.758919983,0
0.759100037,0
0.759280029,0
0.759460022,0
0.759640015,0
0.759820007,0
0.76,0
0.760179993,0
0.760359985,0
0.760539978,0
0.760720032,0
0.760900024,0
0.761080017,0
0.76126001,0
0.761440002,0
0.761619995,0
0.761799988,0
0.761979981,0
0.762160034,0
0.762340027,0
0.76252002,0
0.762700012,0
0.762880005,0
0.763059998,0
0.76323999,0
0.763419983,0
0.763600037,0
0.763780029,0
0.763960022,0
0.764140015,0
0.764320007,0
0.7645,0
0.764679993,0
0.764859985,0
0.765039978,0
0.765220032,0
0.765400024,0
0.765580017,0
0.76576001,0
0.765940002,0
0.766119995,0
0.766299988,0
0.766479981,0
0.766660034,0
0.766840027,0
0.76702002,0
0.767200012,0
0.767380005,0
0.767559998,0
0.76773999,0
0.767919983,0
0.768100037,0
0.768280029,0
0.768460022,0
0.768640015,0
0.768820007,0
0.769,0
0.769179993,0
0.769359985,0
0.769539978,0
0.769720032,0
0.769900024,0
0.770080017,0
0.77026001,0
0.770440002,0
0.770619995,0
0.770799988,0
0.770979981,0
0.771160034,0
0.771340027,0
0.77152002,0
0.771700012,0
0.771880005,0
0.772059998,0
0.77223999,0
0.772419983,2.60272E-06
0.772600037,0
0.772780029,2.65093E-06
0.772960022,0
0.773140015,1.1858E-05
0.773320007,1.91474E-05
0.7735,1.58001E-05
0.773679993,1.21965E-05
0.773859985,1.33915E-05
0.774039978,2.23554E-05
0.774220032,1.59589E-05
0.774400024,1.58338E-05
0.774580017,9.18618E-06
0.77476001,2.07256E-05
0.774940002,2.05645E-05
0.775119995,2.96742E-05
0.775299988,1.70944E-05
0.775479981,9.43765E-06
0.775660034,1.15955E-05
0.775840027,6.40851E-06
0.77602002,1.62389E-06
0.776200012,0
0.776380005,3.64218E-06
0.776559998,0
0.77673999,0
0.776919983,0
0.777100037,0
0.777280029,0
0.777460022,0
0.777640015,0
0.777820007,0
0.778,0
0.778179993,0
0.778359985,0
0.778539978,0
0.778720032,0
0.778900024,0
0.779080017,0
0.77926001,0
0.779440002,0
0.779619995,0
0.779799988,0
0.779979981,0
0.780160034,0
0.780340027,0
0.78052002,0
0.780700012,0
0.780880005,0
0.781059998,0
0.78123999,0
0.781419983,0
0.781600037,0
0.781780029,0
0.781960022,0
0.782140015,0
0.782320007,0
0.7825,0
0.782679993,0
0.782859985,0
0.783039978,0
0.783220032,0
0.783400024,0
0.783580017,0
0.78376001,0
0.783940002,0
0.784119995,0
0.784299988,0
0.784479981,0
0.784660034,0
0.784840027,0
0.78502002,0
0.785200012,0
0.785380005,0
0.785559998,0
0.78573999,0
0.785919983,0
0.786100037,0
0.786280029,0
0.786460022,0
0.786640015,0
0.786820007,0
0.787,0
0.787179993,0
0.787359985,0
0.787539978,0
0.787720032,0
0.787900024,0
0.788080017,0
0.78826001,0
0.788440002,0
0.788619995,0
0.788799988,0
0.788979981,0
0.789160034,0
0.789340027,0
0.78952002,0
0.789700012,0
0.789880005,0
0.790059998,0
0.79023999,0
0.790419983,0
0.790600037,0
0.790780029,0
0.790960022,0
0.791140015,0
0.791320007,0
0.7915,0
0.791679993,0
0.791859985,0
0.792040039,0
0.792220032,0
0.792400024,0
0.792580017,0
0.79276001,0
0.792940002,0
0.793119995,4.98619E-06
0.793299988,0
0.793479981,0
0.793660034,1.53686E-05
0.793840027,1.13318E-05
0.79402002,7.2568E-06
0.794200012,1.43865E-05
0.794380005,4.75359E-06
0.794559998,3.41381E-05
0.79473999,2.52742E-05
0.794919983,4.46931E-05
0.795100037,3.70609E-05
0.795280029,4.98655E-05
0.795460022,5.33944E-05
0.795640015,5.59384E-05
0.795820007,6.92807E-05
0.796,6.42553E-05
0.796179993,7.09739E-05
0.796359985,9.28333E-05
0.796540039,8.26311E-05
0.796720032,9.36259E-05
0.796900024,0.000101278
0.797080017,0.000115508
0.79726001,0.000127062
0.797440002,0.00012802
0.797619995,0.000147147
0.797799988,0.000163395
0.797979981,0.000151985
0.798160034,0.000168512
0.798340027,0.000190327
0.79852002,0.000177038
0.798700012,0.000197423
0.798880005,0.000203246
0.799059998,0.000216449
0.79923999,0.00022649
0.799419983,0.000241301
0.799600037,0.000276218
0.799780029,0.000274426
0.799960022,0.000274166
0.800140015,0.000281113
0.800320007,0.000301428
0.8005,0.000314658
0.800679993,0.000344866
0.800859985,0.000347959
0.801040039,0.000389352
0.801220032,0.000393133
0.801400024,0.000408437
0.801580017,0.0004088
0.80176001,0.000424685
0.801940002,0.000472128
0.802119995,0.000453665
0.802299988,0.000512345
0.802479981,0.000534684
0.802660034,0.000545257
0.802840027,0.000567847
0.80302002,0.00060525
0.803200012,0.00061879
0.803380005,0.000648867
0.803559998,0.000673222
0.80373999,0.000697603
0.803919983,0.000747396
0.804100037,0.000775686
0.804280029,0.000797044
0.804460022,0.000843262
0.804640015,0.000882968
0.804820007,0.000890337
0.805,0.000942028
0.805179993,0.000971099
0.805359985,0.001000216
0.805540039,0.001066097
0.805720032,0.001090495
0.805900024,0.001145749
0.806080017,0.00119769
0.80626001,0.001249959
0.806440002,0.001294597
0.806619995,0.001329319
0.806799988,0.001399639
0.806979981,0.001466085
0.807160034,0.00152277
0.807340027,0.001611628
0.80752002,0.001651808
0.807700012,0.00170362
0.807880005,0.001792572
0.808059998,0.001867013
0.80823999,0.001990626
0.808419983,0.002013875
0.808600037,0.002118755
0.808780029,0.002215347
0.808960022,0.002289407
0.809140015,0.002428454
0.809320007,0.002508689
0.8095,0.002628599
0.809679993,0.002725544
0.809859985,0.002822757
0.810040039,0.002985734
0.810220032,0.003114309
0.810400024,0.003219394
0.810580017,0.003422713
0.81076001,0.003544211
0.810940002,0.003690307
0.811119995,0.003830489
0.811299988,0.004022713
0.811479981,0.004179887
0.811660034,0.004420103
0.811840027,0.004593974
0.81202002,0.00483463
0.812200012,0.00507089
0.812380005,0.005296114
0.812559998,0.005564752
0.81273999,0.005782214
0.812919983,0.006094728
0.813100037,0.006392452
0.813280029,0.006637548
0.813460022,0.00697684
0.813640015,0.007323369
0.813820007,0.00773308
0.814,0.008063298
0.814179993,0.008397435
0.814359985,0.008834643
0.814540039,0.00930052
0.814720032,0.009808552
0.814900024,0.010375664
0.815080017,0.010859746
0.81526001,0.011395676
0.815440002,0.01192535
0.815619995,0.012591666
0.815799988,0.013309922
0.815979981,0.013995103
0.816160034,0.014640403
0.816340027,0.015476174
0.81652002,0.016321788
0.816700012,0.017307374
0.816880005,0.018255832
0.817059998,0.019318886
0.81723999,0.020256021
0.817419983,0.021428649
0.817600037,0.022653797
0.817780029,0.023848681
0.817960022,0.025411365
0.818140015,0.026795566
0.818320007,0.028336174
0.8185,0.029918957
0.818679993,0.031682796
0.818859985,0.033651669
0.819040039,0.03573415
0.819220032,0.037848775
0.819400024,0.040039582
0.819580017,0.042490458
0.81976001,0.04508646
0.819940002,0.099883814
0.820119995,0.105726357
0.820299988,0.112344332
0.820479981,0.118820381
0.820659973,0.127595139
0.820839966,0.13427681
0.821019959,0.141985779
0.821200012,0.149786367
0.821380005,0.159017544
0.821559998,0.169206924
0.82173999,0.176988468
0.821919983,0.186833668
0.822099976,0.196199684
0.822279968,0.208818226
0.822459961,0.221438866
0.822640015,0.231467686
0.822820007,0.243613148
0.823,0.254155808
0.823179993,0.268366451
0.823359985,0.281803856
0.823539978,0.29402647
0.823719971,0.308009777
0.823899963,0.320885735
0.824080017,0.339068756
0.82426001,0.352996178
0.824440002,0.367687111
0.824619995,0.383025894
0.824799988,0.397838249
0.824979981,0.416287766
0.825159973,0.429934959
0.825339966,0.446032715
0.825519959,0.461545677
0.825700012,0.479540939
0.825880005,0.499831734
0.826059998,0.513720169
0.82623999,0.530464783
0.826419983,0.546372643
0.826599976,0.564409714
0.826779968,0.582312813
0.826959961,0.597496109
0.827140015,0.614174347
0.827320007,0.628057785
0.8275,0.648215332
0.827679993,0.664759293
0.827859985,0.679926071
0.828039978,0.695769882
0.828219971,0.708838882
0.828399963,0.726722183
0.828580017,0.740333633
0.82876001,0.753804474
0.828940002,0.767716522
0.829119995,0.780885315
0.829299988,0.797127533
0.829479981,0.808019638
0.829659973,0.819948273
0.829839966,0.831180115
0.830019959,0.842991562
0.830200012,0.854671707
0.830380005,0.863557663
0.830559998,0.873115463
0.83073999,0.881511383
0.830919983,0.891859894
0.831099976,0.900921707
0.831279968,0.907676544
0.831459961,0.915211945
0.831640015,0.920995712
0.831820007,0.928255768
0.832,0.934093857
0.832179993,0.939149551
0.832359985,0.944163818
0.832539978,0.948378906
0.832719971,0.953422928
0.832899963,0.957127762
0.833080017,0.960358734
0.83326001,0.963338547
0.833440002,0.966055145
0.833619995,0.968900147
0.833799988,0.970669632
0.833979981,0.972625275
0.834159973,0.974069672
0.834339966,0.975610352
0.834519959,0.977095642
0.834700012,0.977949371
0.834880005,0.978823013
0.835059998,0.979425964
0.83523999,0.980106888
0.835419983,0.980606461
0.835599976,0.980892029
0.835779968,0.981202469
0.835959961,0.981419525
0.836140015,0.981657944
0.836320007,0.981853104
0.8365,0.981868362
0.836679993,0.982029495
0.836859985,0.982170334
0.837039978,0.98219162
0.837219971,0.982291641
0.837399963,0.982384491
0.837580017,0.982500763
0.83776001,0.982581482
0.837940002,0.982722244
0.838119995,0.982988358
0.838299988,0.983143005
0.838479981,0.983316193
0.838659973,0.98358078
0.838839966,0.98380455
0.839019959,0.984146195
0.839200012,0.984343567
0.839380005,0.984639816
0.839559998,0.985015793
0.83973999,0.985447083
0.839919983,0.985723038
0.840099976,0.986134262
0.840279968,0.986466675
0.840459961,0.986945877
0.840640015,0.987280273
0.840820007,0.987698059
0.841,0.988083038
0.841179993,0.988405075
0.841359985,0.989034042
0.841539978,0.989357681
0.841719971,0.989655609
0.841899963,0.990147781
0.842080017,0.990531082
0.84226001,0.990833435
0.842440002,0.991173706
0.842619995,0.991459122
0.842799988,0.991923904
0.842979981,0.992146759
0.843159973,0.992490616
0.843339966,0.992735596
0.84352002,0.993027115
0.843700012,0.993157272
0.843880005,0.993479309
0.844059998,0.993620606
0.84423999,0.993816681
0.844419983,0.993984375
0.844599976,0.994001083
0.844779968,0.994222794
0.844959961,0.994346542
0.845140015,0.994534226
0.845320007,0.994544601
0.8455,0.994571533
0.845679993,0.994647064
0.845859985,0.994633026
0.846039978,0.994637528
0.846219971,0.994613266
0.846399963,0.994605484
0.846580017,0.994514313
0.84676001,0.994571991
0.846940002,0.99452446
0.847119995,0.994470367
0.847299988,0.994335785
0.847479981,0.994309769
0.847659973,0.994163971
0.847839966,0.994078751
0.84802002,0.993932877
0.848200012,0.993919067
0.848380005,0.993761444
0.848559998,0.993675003
0.84873999,0.993544693
0.848919983,0.993447647
0.849099976,0.993303223
0.849279968,0.993189468
0.849459961,0.993088989
0.849640015,0.992941208
0.849820007,0.992858734
0.85,0.992676468
0.850179993,0.992610397
0.850359985,0.992413483
0.850539978,0.992346191
0.850719971,0.992325363
0.850899963,0.992176971
0.851080017,0.992034226
0.85126001,0.992078018
0.851440002,0.991914673
0.851619995,0.991880798
0.851799988,0.991757889
0.851979981,0.991628494
0.852159973,0.991676102
0.852339966,0.991641922
0.85252002,0.991589661
0.852700012,0.991582642
0.852880005,0.991621399
0.853059998,0.991559677
0.85323999,0.991551132
0.853419983,0.991507797
0.853599976,0.99153038
0.853779968,0.991558456
0.853959961,0.991525421
0.854140015,0.991528397
0.854320007,0.991552734
0.8545,0.991611862
0.854679993,0.991660156
0.854859985,0.991618881
0.855039978,0.991727676
0.855219971,0.991791992
0.855399963,0.991754684
0.855580017,0.991758652
0.85576001,0.991842651
0.855940002,0.991821518
0.856119995,0.992030945
0.856299988,0.992065506
0.856479981,0.992140656
0.856659973,0.99213028
0.856839966,0.99223259
0.85702002,0.992222672
0.857200012,0.992346802
0.857380005,0.992428818
0.857559998,0.992398911
0.85773999,0.992431259
0.857919983,0.992516022
0.858099976,0.992602844
0.858279968,0.992578659
0.858459961,0.992674789
0.858640015,0.992667084
0.858820007,0.992703552
0.859,0.992798004
0.859179993,0.992725296
0.859359985,0.992781525
0.859539978,0.992818375
0.859719971,0.992786789
0.859899963,0.992885437
0.860080017,0.992792816
0.86026001,0.99281601
0.860440002,0.99282074
0.860619995,0.992838135
0.860799988,0.992814941
0.860979981,0.992872315
0.861159973,0.99281868
0.861339966,0.992764664
0.86152002,0.992757645
0.861700012,0.992720261
0.861880005,0.992636185
0.862059998,0.992596054
0.86223999,0.992569809
0.862419983,0.992524414
0.862599976,0.992401047
0.862779968,0.992458115
0.862959961,0.992227936
0.863140015,0.992198486
0.863320007,0.992293778
0.8635,0.992113495
0.863679993,0.992061005
0.863859985,0.992004395
0.864039978,0.991896057
0.864219971,0.991890106
0.864399963,0.991735916
0.864580017,0.991653976
0.86476001,0.991578674
0.864940002,0.991471939
0.865119995,0.991409149
0.865299988,0.991273499
0.865479981,0.991100235
0.865659973,0.991161041
0.865839966,0.991060181
0.86602002,0.990960617
0.866200012,0.990893478
0.866380005,0.990773392
0.866559998,0.990651932
0.86673999,0.990620194
0.866919983,0.99049736
0.867099976,0.990447388
0.867279968,0.990296097
0.867459961,0.990247345
0.867640015,0.990140228
0.867820007,0.99006218
0.868,0.990035858
0.868179993,0.989963455
0.868359985,0.989844055
0.868539978,0.989866791
0.868719971,0.989720688
0.868899963,0.989659271
0.869080017,0.989624252
0.86926001,0.989562073
0.869440002,0.98960968
0.869619995,0.989559479
0.869799988,0.989556656
0.869979981,0.989530792
0.870159973,0.989481812
0.870339966,0.989460068
0.87052002,0.989425125
0.870700012,0.989440537
0.870880005,0.989454193
0.871059998,0.989440537
0.87123999,0.989463196
0.871419983,0.989481964
0.871599976,0.989408341
0.871779968,0.989537354
0.871959961,0.989558029
0.872140015,0.989508286
0.872320007,0.98960228
0.8725,0.989715653
0.872679993,0.989683151
0.872859985,0.989743195
0.873039978,0.989764557
0.873219971,0.989830933
0.873399963,0.989895401
0.873580017,0.989918137
0.87376001,0.989961472
0.873940002,0.990044251
0.874119995,0.990217285
0.874299988,0.990262909
0.874479981,0.990278931
0.874659973,0.990410919
0.874839966,0.990428848
0.87502002,0.990550079
0.875200012,0.990659027
0.875380005,0.990716019
0.875559998,0.990847321
0.87573999,0.990981751
0.875919983,0.99109169
0.876099976,0.991266708
0.876279968,0.991385193
0.876459961,0.991416779
0.876640015,0.991570129
0.876820007,0.991664429
0.877,0.991780243
0.877179993,0.99188652
0.877359985,0.991961212
0.877539978,0.992232971
0.877719971,0.992160873
0.877899963,0.992387085
0.878080017,0.992572022
0.87826001,0.992576828
0.878440002,0.992743683
0.878619995,0.992856064
0.878799988,0.992952118
0.878979981,0.993127518
0.879159973,0.993171845
0.879339966,0.993311997
0.87952002,0.993409424
0.879700012,0.993560944
0.879880005,0.993701859
0.880059998,0.993720932
0.88023999,0.993777771
0.880419983,0.993820877
0.880599976,0.994048615
0.880779968,0.994082336
0.880959961,0.994202576
0.881140015,0.994302292
0.881320007,0.994334869
0.8815,0.994426117
0.881679993,0.994520035
0.881859985,0.994680481
0.882039978,0.994629517
0.882219971,0.994812927
0.882399963,0.994851303
0.882580017,0.994849777
0.88276001,0.994946518
0.882940002,0.995038757
0.883119995,0.99505333
0.883299988,0.995163117
0.883479981,0.995107498
0.883659973,0.995100479
0.883839966,0.995164261
0.88402002,0.995213623
0.884200012,0.995251236
0.884380005,0.995280075
0.884559998,0.995314865
0.88473999,0.995387878
0.884919983,0.995346375
0.885099976,0.9953582
0.885279968,0.995323868
0.885459961,0.995350571
0.885640015,0.995413818
0.885820007,0.99529007
0.886,0.995403824
0.886179993,0.995330048
0.886359985,0.995368881
0.886539978,0.995264206
0.886719971,0.995200729
0.886899963,0.995367737
0.887080017,0.995316849
0.88726001,0.995106354
0.887440002,0.995093994
0.887619995,0.995106201
0.887799988,0.995121536
0.887979981,0.995020065
0.888159973,0.995011292
0.888339966,0.994988785
0.88852002,0.994948044
0.888700012,0.994855499
0.888880005,0.994740143
0.889059998,0.994690018
0.88923999,0.994760208
0.889419983,0.994748688
0.889599976,0.994581833
0.889779968,0.994628143
0.889959961,0.994508057
0.890140015,0.99437645
0.890320007,0.994424057
0.8905,0.994274979
0.890679993,0.994185257
0.890859985,0.994201279
0.891039978,0.994111862
0.891219971,0.994040451
0.891399963,0.993911057
0.891580017,0.993890076
0.89176001,0.99390007
0.891940002,0.993800659
0.892119995,0.993762131
0.892299988,0.993622971
0.892479981,0.993605576
0.892659973,0.993545837
0.892839966,0.99350769
0.89302002,0.993487167
0.893200012,0.993290329
0.893380005,0.993197708
0.893559998,0.993346634
0.89373999,0.99318924
0.893919983,0.99312561
0.894099976,0.99316391
0.894279968,0.993094101
0.894459961,0.993043213
0.894640015,0.992990112
0.894820007,0.992846298
0.895,0.992920303
0.895179993,0.992824173
0.895359985,0.992800598
0.895539978,0.992829514
0.895719971,0.992753677
0.895899963,0.992736435
0.896080017,0.992626114
0.89626001,0.992600555
0.896440002,0.992630539
0.896619995,0.992575684
0.896799988,0.992602997
0.896979981,0.992547073
0.897159973,0.992591248
0.897339966,0.99253212
0.89752002,0.992505646
0.897700012,0.992552872
0.897880005,0.992505722
0.898059998,0.992432022
0.89823999,0.992510834
0.898419983,0.992513504
0.898599976,0.992482147
0.898779968,0.992519531
0.898959961,0.992553558
0.899140015,0.992566986
0.899320007,0.992563095
0.8995,0.992490006
0.899679993,0.992520447
0.899859985,0.992542419
0.900039978,0.992451553
0.900219971,0.992630081
0.900399963,0.99263382
0.900580017,0.992615662
0.90076001,0.992696762
0.900940002,0.992795792
0.901119995,0.992735977
0.901299988,0.992784348
0.901479981,0.992925186
0.901659973,0.992785492
0.901839966,0.992912979
0.90202002,0.992989807
0.902200012,0.99295105
0.902380005,0.992891922
0.902559998,0.993022461
0.90273999,0.993077469
0.902919983,0.993078766
0.903099976,0.993218155
0.903279968,0.993224411
0.903459961,0.993258209
0.903640015,0.993317337
0.903820007,0.993445969
0.904,0.993451309
0.904179993,0.993505936
0.904359985,0.993630676
0.904539978,0.993638306
0.904719971,0.993667984
0.904899963,0.993705368
0.905080017,0.993774414
0.90526001,0.993822784
0.905440002,0.993911057
0.905619995,0.994040985
0.905799988,0.993948746
0.905979981,0.993924561
0.906159973,0.994133682
0.906339966,0.994118195
0.90652002,0.994262543
0.906700012,0.994340744
0.906880005,0.994333267
0.907059998,0.994426651
0.90723999,0.994438019
0.907419983,0.994656143
0.907599976,0.994708633
0.907779968,0.994679794
0.907960022,0.994765396
0.908140015,0.994784088
0.908320007,0.994825821
0.9085,0.99495575
0.908679993,0.994988861
0.908859985,0.995054092
0.909039978,0.995074234
0.909219971,0.995173416
0.909399963,0.995245743
0.909580017,0.995281296
0.90976001,0.995351639
0.909940002,0.995449829
0.910119995,0.995490112
0.910299988,0.995407257
0.910479981,0.995496445
0.910659973,0.995586472
0.910839966,0.995629959
0.91102002,0.995740433
0.911200012,0.995737763
0.911380005,0.995814514
0.911559998,0.995896225
0.91173999,0.995896301
0.911919983,0.995974731
0.912099976,0.996003113
0.912279968,0.996068039
0.912460022,0.996017838
0.912640015,0.996142578
0.912820007,0.996240463
0.913,0.996092072
0.913179993,0.99629509
0.913359985,0.996442413
0.913539978,0.99628067
0.913719971,0.996372223
0.913899963,0.996432571
0.914080017,0.996496887
0.91426001,0.996518784
0.914440002,0.99654068
0.914619995,0.996637726
0.914799988,0.996596832
0.914979981,0.996661453
0.915159973,0.996702042
0.915339966,0.996736984
0.91552002,0.99671463
0.915700012,0.996729584
0.915880005,0.99686882
0.916059998,0.996880341
0.91623999,0.996820602
0.916419983,0.996831513
0.916599976,0.996901016
0.916779968,0.996969376
0.916960022,0.996956253
0.917140015,0.996907272
0.917320007,0.99697403
0.9175,0.99704895
0.917679993,0.997084045
0.917859985,0.997069092
0.918039978,0.997117996
0.918219971,0.997092209
0.918399963,0.997041779
0.918580017,0.997127533
0.91876001,0.997163925
0.918940002,0.997146988
0.919119995,0.997234192
0.919299988,0.99720665
0.919479981,0.997244797
0.919659973,0.997190247
0.919839966,0.997169113
0.92002002,0.997182541
0.920200012,0.997302628
0.920380005,0.9972715
0.920559998,0.997203522
0.92073999,0.997417069
0.920919983,0.997383652
0.921099976,0.997297134
0.921279968,0.997351074
0.921460022,0.997287369
0.921640015,0.99734726
0.921820007,0.997382431
0.922,0.997309494
0.922179993,0.997301559
0.922359985,0.997417297
0.922539978,0.997331314
0.922719971,0.997268143
0.922899963,0.997354736
0.923080017,0.997306747
0.92326001,0.99733963
0.923440002,0.997302475
0.923619995,0.997379913
0.923799988,0.997400436
0.923979981,0.997400589
0.924159973,0.997330551
0.924339966,0.997329941
0.92452002,0.997322388
0.924700012,0.997349701
0.924880005,0.997332153
0.925059998,0.997335815
0.92523999,0.997398071
0.925419983,0.997360077
0.925599976,0.997264175
0.925779968,0.99732193
0.925960022,0.997337723
0.926140015,0.997285156
0.926320007,0.997329559
0.9265,0.997299576
0.926679993,0.997311173
0.926859985,0.997343216
0.927039978,0.997226868
0.927219971,0.997283554
0.927399963,0.997267227
0.927580017,0.997234345
0.92776001,0.997235718
0.927940002,0.997279587
0.928119995,0.997107544
0.928299988,0.997270203
0.928479981,0.99722023
0.928659973,0.997038269
0.928839966,0.997093582
0.92902002,0.997158356
0.929200012,0.997061768
0.929380005,0.996950531
0.929559998,0.997051849
0.92973999,0.997072754
0.929919983,0.996989288
0.930099976,0.997007217
0.930279968,0.996956253
0.930460022,0.996911926
0.930640015,0.996810532
0.930820007,0.996900787
0.931,0.996877899
0.931179993,0.996879425
0.931359985,0.996755905
0.931539978,0.996775589
0.931719971,0.996731262
0.931899963,0.996633835
0.932080017,0.996716232
0.93226001,0.996654663
0.932440002,0.996622696
0.932619995,0.996660996
0.932799988,0.99659874
0.932979981,0.996532211
0.933159973,0.996539993
0.933339966,0.996472092
0.93352002,0.996483765
0.933700012,0.996369324
0.933880005,0.996393585
0.934059998,0.996446915
0.93423999,0.996408768
0.934419983,0.99628624
0.934599976,0.996222534
0.934779968,0.996236191
0.934960022,0.9961763
0.935140015,0.996055985
0.935320007,0.996055145
0.9355,0.996121903
0.935679993,0.996078033
0.935859985,0.99591423
0.936039978,0.995950775
0.936219971,0.995982742
0.936399963,0.995879135
0.936580017,0.9958107
0.93676001,0.995739365
0.936940002,0.995739059
0.937119995,0.995685425
0.937299988,0.995600128
0.937479981,0.99555481
0.937659973,0.995512161
0.937839966,0.995551224
0.93802002,0.995526199
0.938200012,0.995448456
0.938380005,0.995305786
0.938559998,0.995326004
0.93873999,0.995256348
0.938919983,0.995196915
0.939099976,0.995225372
0.939279968,0.995158844
0.939460022,0.995077286
0.939640015,0.995134125
0.939820007,0.99507988
0.94,0.995038223
0.940179993,0.994894714
0.940359985,0.994880905
0.940539978,0.99489563
0.940719971,0.994874268
0.940899963,0.994758987
0.941080017,0.994787064
0.94126001,0.994698486
0.941440002,0.994730301
0.941619995,0.99460495
0.941799988,0.994601288
0.941979981,0.994556885
0.942159973,0.994547272
0.942339966,0.994483872
0.94252002,0.994321594
0.942700012,0.994414597
0.942880005,0.994335861
0.943059998,0.994388504
0.94323999,0.994260101
0.943419983,0.994281998
0.943599976,0.994172211
0.943779968,0.994239121
0.943960022,0.994105377
0.944140015,0.994148789
0.944320007,0.994078674
0.9445,0.994058762
0.944679993,0.994021988
0.944859985,0.994021683
0.945039978,0.994000168
0.945219971,0.993871765
0.945399963,0.993983765
0.945580017,0.993944931
0.94576001,0.993965759
0.945940002,0.993802261
0.946119995,0.993841019
0.946299988,0.993826599
0.946479981,0.993764038
0.946659973,0.993684616
0.946839966,0.993701248
0.94702002,0.993815308
0.947200012,0.993677445
0.947380005,0.993624115
0.947559998,0.993710022
0.94773999,0.993675156
0.947919983,0.993678665
0.948099976,0.993697434
0.948279968,0.993690033
0.948460022,0.993561173
0.948640015,0.993626862
0.948820007,0.993585968
0.949,0.993526993
0.949179993,0.993579254
0.949359985,0.993569336
0.949539978,0.993576584
0.949719971,0.993486557
0.949899963,0.993603745
0.950080017,0.993604279
0.95026001,0.993485794
0.950440002,0.993578644
0.950619995,0.993588409
0.950799988,0.993549423
0.950979981,0.993493881
0.951159973,0.99354866
0.951339966,0.993537293
0.95152002,0.993642426
0.951700012,0.993537521
0.951880005,0.993579178
0.952059998,0.993630295
0.95223999,0.993598023
0.952419983,0.993654633
0.952599976,0.993570252
0.952779968,0.993636169
0.952960022,0.993650971
0.953140015,0.993636704
0.953320007,0.99370285
0.9535,0.993723221
0.953679993,0.99373024
0.953859985,0.993687058
0.954039978,0.993725586
0.954219971,0.993723679
0.954399963,0.993808823
0.954580017,0.993837738
0.95476001,0.993888931
0.954940002,0.993873062
0.955119995,0.993835068
0.955299988,0.993908234
0.955479981,0.993976364
0.955659973,0.993935318
0.955839966,0.993926621
0.95602002,0.993976212
0.956200012,0.994038544
0.956380005,0.994071655
0.956559998,0.994085999
0.95673999,0.994043503
0.956919983,0.994108658
0.957099976,0.994149094
0.957279968,0.994240036
0.957460022,0.994193497
0.957640015,0.994204559
0.957820007,0.994208374
0.958,0.994270706
0.958179993,0.994344406
0.958359985,0.99435997
0.958539978,0.994438095
0.958719971,0.994414139
0.958899963,0.994442291
0.959080017,0.994480438
0.95926001,0.994549027
0.959440002,0.994545898
0.959619995,0.994642868
0.959799988,0.994627838
0.959979981,0.994675293
0.960159973,0.001