0.5781999999999694,6.751350545287887e-05
0.5782999999999694,0.00017573797112561737
0.5783999999999694,0.0002838882965898713
0.5784999999999694,0.0003919644819835471
0.5785999999999694,0.0004377990608387132
0.5786999999999694,0.0004376489799455941
0.5787999999999693,0.00043749889923885404
0.5788999999999693,0.0004373488187185897
0.5789999999999693,0.000437198738384898
0.5790999999999693,0.00043704865823787577
0.5791999999999693,0.00043689857827762014
0.5792999999999693,0.00043674849850422774
0.5793999999999693,0.0004365984189177957
0.5794999999999693,0.00043644833951842046
0.5795999999999693,0.0004362982603061992
0.5796999999999692,0.00043614818128122893
0.5797999999999692,0.0005284297000953829
0.5798999999999692,0.0007435567285253827
0.5799999999999692,0.0009585354796615978
0.5800999999999692,0.0011733659537822253
0.5801999999999692,0.00130619336690559
0.5802999999999692,0.001305743133207297
0.5803999999999692,0.0013052929000727908
0.5804999999999692,0.0013048426675023616
0.5805999999999691,0.0013043924354963013
0.5806999999999691,0.0013039422040548993
0.5807999999999691,0.0013034919731784468
0.5808999999999691,0.0013030417428672345
0.5809999999999691,0.0013025915131215525
0.5810999999999691,0.0013021412839416917
0.5811999999999691,0.001301691055327943
0.5812999999999691,0.0013012408272805966
0.581399999999969,0.0013259392180296208
0.581499999999969,0.0014325416440965914
0.581599999999969,0.0015390699334700978
0.581699999999969,0.001645524086290625
0.581799999999969,0.0017917397866293902
0.581899999999969,0.0021118580260861435
0.581999999999969,0.002431753855634213
0.582099999999969,0.0027514272756954243
0.582199999999969,0.0030414753406159214
0.582299999999969,0.0031471845288291904
0.5823999999999689,0.0032528195818552832
0.5824999999999689,0.003358380499835649
0.5825999999999689,0.003482866305589039
0.5826999999999689,0.0038015054243283703
0.5827999999999689,0.00411992213616117
0.5828999999999689,0.004438116441511374
0.5829999999999689,0.00476902421107773
0.5830999999999689,0.005406173997002616
0.5831999999999689,0.006042878970412285
0.5832999999999688,0.006679139132155823
0.5833999999999688,0.007314954483082906
0.5834999999999688,0.008372161435592749
0.5835999999999688,0.009432071800663324
0.5836999999999688,0.010491240816461135
0.5837999999999688,0.01154966848440501
0.5838999999999688,0.011906277557970768
0.5839999999999688,0.012220524711258469
0.5840999999999688,0.012534549465088272
0.5841999999999687,0.012848351819888817
0.5842999999999687,0.013731110314690476
0.5843999999999687,0.014680187195672859
0.5844999999999687,0.01562859687191627
0.5845999999999687,0.016576339344704243
0.5846999999999687,0.018060934781654405
0.5847999999999687,0.019642183367553103
0.5848999999999687,0.021222319949119505
0.5849999999999687,0.022801344528496057
0.5850999999999686,0.02496953005206712
0.5851999999999686,0.027285952632971754
0.5852999999999686,0.029600744281915215
0.5853999999999686,0.03191390500204575
0.5854999999999686,0.03446266617286543
0.5855999999999686,0.03708910650280312
0.5856999999999686,0.0397136935132904
0.5857999999999686,0.04233582018594479
0.5858999999999686,0.04569443674483398
0.5859999999999685,0.049366324221289296
0.5860999999999685,0.05303551191362229
0.5861999999999685,0.05670199994183822
0.5862999999999685,0.06125783908514828
0.5863999999999685,0.0662866496321031
0.5864999999999685,0.0713117580425348
0.5865999999999685,0.07633316448101464
0.5866999999999685,0.08230204509967146
0.5867999999999685,0.08889190226760034
0.5868999999999684,0.09547690097926913
0.5869999999999684,0.10205704145066719
0.5870999999999684,0.10950561166603742
0.5871999999999684,0.11764960475450516
0.5872999999999684,0.1257869944176962
0.5873999999999684,0.1339173531464763
0.5874999999999684,0.14357967193947851
0.5875999999999684,0.15473529773677294
0.5876999999999684,0.1658824130459535
0.5877999999999683,0.17702101851987323
0.5878999999999683,0.18920437567706044
0.5879999999999683,0.20262694852255678
0.5880999999999683,0.21603926347677785
0.5881999999999683,0.22944132132673883
0.5882999999999683,0.24206404914186141
0.5883999999999683,0.2535657996154739
0.5884999999999683,0.2650587268846829
0.5885999999999683,0.276542831626602
0.5886999999999682,0.28873237413217057
0.5887999999999682,0.302180079291054
0.5888999999999682,0.31561745319222906
0.5889999999999682,0.3290444966286459
0.5890999999999682,0.34161687677355107
0.5891999999999682,0.3523161705739491
0.5892999999999682,0.3630072032259763
0.5893999999999682,0.3736899753638987
0.5894999999999682,0.38346122518172227
0.5895999999999681,0.3906967375734237
0.5896999999999681,0.3979266142410757
0.5897999999999681,0.4051508556175927
0.5898999999999681,0.41187920833129865
0.5899999999999681,0.4168084744319656
0.5900999999999681,0.42173385477609215
0.5901999999999681,0.42665534966236857
0.5902999999999681,0.43129756115773255
0.5903999999999681,0.4345529207378252
0.590499999999968,0.4378056669417596
0.590599999999968,0.4410557999706175
0.590699999999968,0.44386570541955955
0.590799999999968,0.44338494121155886
0.590899999999968,0.4429044240175663
0.590999999999968,0.442424153819113
0.591099999999968,0.44198682044459925
0.591199999999968,0.4421270478864185
0.591299999999968,0.4422670457677014
0.591399999999968,0.44240681410656596
0.5914999999999679,0.44254844234548196
0.5915999999999679,0.442790928712407
0.5916999999999679,0.44303310619064856
0.5917999999999679,0.44327497480441996
0.5918999999999679,0.44351653457793383
0.5919999999999679,0.4434574870227895
0.5920999999999679,0.44338960674765243
0.5921999999999679,0.44332165583997796
0.5922999999999679,0.44325363430568615
0.5923999999999678,0.4431855421506986
0.5924999999999678,0.4431173793809356
0.5925999999999678,0.4430491460023181
0.5926999999999678,0.4429808420207657
0.5927999999999678,0.44282265552336514
0.5928999999999678,0.4426515831336122
0.5929999999999678,0.4424805195047323
0.5930999999999678,0.4423094646365492
0.5931999999999678,0.44213841852888747
0.5932999999999677,0.44196738118157136
0.5933999999999677,0.4417963525944252
0.5934999999999677,0.441625332767273
0.5935999999999677,0.4415339078311422
0.5936999999999677,0.4414652192769225
0.5937999999999677,0.4413964601684313
0.5938999999999677,0.44132763051158774
0.5939999999999677,0.4411842339126208
0.5940999999999677,0.4410131061090942
0.5941999999999676,0.4408419870725557
0.5942999999999676,0.44067087680282935
0.5943999999999676,0.4404303531963482
0.5944999999999676,0.44015726004601013
0.5945999999999676,0.43988425494339045
0.5946999999999676,0.4396113378822201
0.5947999999999676,0.4394028720937991
0.5948999999999676,0.4392319748881121
0.5949999999999676,0.43906108643978314
0.5950999999999675,0.4388902067486367
0.5951999999999675,0.43871933581449657
0.5952999999999675,0.43854847363718746
0.5953999999999675,0.4383776202165334
0.5954999999999675,0.4382067755523588
0.5955999999999675,0.4380359396444878
0.5956999999999675,0.4378651124927446
0.5957999999999675,0.43769429409695365
0.5958999999999675,0.4375234844569392
0.5959999999999674,0.43730340439694476
0.5960999999999674,0.43703123815327855
0.5961999999999674,0.43675915988170316
0.5962999999999674,0.4364871695759511
0.5963999999999674,0.4362152672297551
0.5964999999999674,0.4359434528368484
0.5965999999999674,0.43567172639096396
0.5966999999999674,0.43540008788583545
0.5967999999999674,0.43516783751497656
0.5968999999999673,0.43499743602792834
0.5969999999999673,0.4348270432782843
0.5970999999999673,0.43465665926586894
0.5971999999999673,0.4344862839905075
0.5972999999999673,0.4343159174520236
0.5973999999999673,0.4341455596502423
0.5974999999999673,0.43397521058498834
0.5975999999999673,0.43383425308828116
0.5976999999999673,0.4337646698183917
0.5977999999999672,0.43369501613223393
0.5978999999999672,0.43362529203572214
0.5979999999999672,0.43353105029512484
0.5980999999999672,0.43336059344154065
0.5981999999999672,0.43319014533147343
0.5982999999999672,0.4330197059647476
0.5983999999999672,0.43286880237613246
0.5984999999999672,0.43279881611262505
0.5985999999999672,0.43272875947194145
0.5986999999999671,0.4326586324599946
0.5987999999999671,0.43257381286933755
0.5988999999999671,0.4324032658208993
0.5989999999999671,0.4322327275227895
0.5990999999999671,0.432062197974833
0.5991999999999671,0.43189167717685345
0.5992999999999671,0.4317211651286756
0.5993999999999671,0.4315506618301232
0.5994999999999671,0.43138016728102097
0.599599999999967,0.4312169765895894
0.599699999999967,0.43105424824609956
0.599799999999967,0.43089152823241716
0.599899999999967,0.43072881654837486
0.599999999999967,0.43056611319380567
0.600099999999967,0.4304034181685426
0.600199999999967,0.4302407314724182
0.600299999999967,0.4300780531052653
0.600399999999967,0.42991538306691696
0.600499999999967,0.4297527213572061
0.6005999999999669,0.42959006797596516
0.6006999999999669,0.42942742292302705
0.6007999999999669,0.4292647861982248
0.6008999999999669,0.4291021578013915
0.6009999999999669,0.4289395377323595
0.6010999999999669,0.42877692599096173
0.6011999999999669,0.4286143225770312
0.6012999999999669,0.4284517274904007
0.6013999999999668,0.42828914073090296
0.6014999999999668,0.428126562298371
0.6015999999999668,0.4279639921926376
0.6016999999999668,0.4277214938082611
0.6017999999999668,0.42745979063311407
0.6018999999999668,0.42719817117922687
0.6019999999999668,0.42693663544063953
0.6020999999999668,0.42667518341139177
0.6021999999999668,0.42641381508552373
0.6022999999999668,0.42615253045707563
0.6023999999999667,0.4258913295200877
0.6024999999999667,0.4257002946312777
0.6025999999999667,0.42553811292395444
0.6026999999999667,0.4253759395259572
0.6027999999999667,0.42521377443711916
0.6028999999999667,0.4250516176572736
0.6029999999999667,0.42488946918625364
0.6030999999999667,0.42472732902389215
0.6031999999999667,0.4245651971700225
0.6032999999999666,0.4244030736244778
0.6033999999999666,0.4242409583870916
0.6034999999999666,0.4240788514576963
0.6035999999999666,0.42391675283612557
0.6036999999999666,0.42375466252221233
0.6037999999999666,0.42359258051579
0.6038999999999666,0.4234305068166917
0.6039999999999666,0.4232684414247504
0.6040999999999666,0.4231569342088268
0.6041999999999665,0.4230931419412246
0.6042999999999665,0.4230292826774213
0.6043999999999665,0.42296535642304006
0.6044999999999665,0.4228556597994542
0.6045999999999665,0.4226934918334497
0.6046999999999665,0.422531332181248
0.6047999999999665,0.4223691808426824
0.6048999999999665,0.4222479093635069
0.6049999999999665,0.42218373366598994
0.6050999999999664,0.4221194910094419
0.6051999999999664,0.42205518139948517
0.6052999999999664,0.4219547504922019
0.6053999999999664,0.42179249668094804
0.6054999999999664,0.42163025118997377
0.6055999999999664,0.4214680140191113
0.6056999999999664,0.42130578516819417
0.6057999999999664,0.4211435646370547
0.6058999999999664,0.4209813524255263
0.6059999999999663,0.4208191485334413
0.6060999999999663,0.42065695296063266
0.6061999999999663,0.4204947657069332
0.6062999999999663,0.42033258677217605
0.6063999999999663,0.4201704161561938
0.6064999999999663,0.42000825385881935
0.6065999999999663,0.41984609987988547
0.6066999999999663,0.4196839542192253
0.6067999999999663,0.41952181687667134
0.6068999999999662,0.41935968785205646
0.6069999999999662,0.41919756714521367
0.6070999999999662,0.41903545475597576
0.6071999999999662,0.41887335068417564
0.6072999999999662,0.41871125492964595
0.6073999999999662,0.41854916749221965
0.6074999999999662,0.41838708837172967
0.6075999999999662,0.41822501756800873
0.6076999999999662,0.41806295508088964
0.6077999999999661,0.4179009009102056
0.6078999999999661,0.41773885505578884
0.6079999999999661,0.41757681751747283
0.6080999999999661,0.41741506096215764
0.6081999999999661,0.4172534293319696
0.6082999999999661,0.41709180572568044
0.6083999999999661,0.4169301901431341
0.6084999999999661,0.4167685825841745
0.6085999999999661,0.416606983048646
0.608699999999966,0.416445391536393
0.608799999999966,0.41628380804725923
0.608899999999966,0.41612223258108894
0.608999999999966,0.4159606651377261
0.609099999999966,0.4157991057170151
0.609199999999966,0.4156375543188001
0.609299999999966,0.41547601094292497
0.609399999999966,0.4153144755892338
0.609499999999966,0.4151529482575709
0.609599999999966,0.4149914289477802
0.6096999999999659,0.41482991765970634
0.6097999999999659,0.41466841439319285
0.6098999999999659,0.41450691914808396
0.6099999999999659,0.414345431924224
0.6100999999999659,0.4141839527214571
0.6101999999999659,0.41402248153962723
0.6102999999999659,0.4138610183785786
0.6103999999999659,0.4136995632381552
0.6104999999999658,0.41353811611820135
0.6105999999999658,0.4133766770185611
0.6106999999999658,0.41321524593907866
0.6107999999999658,0.41305382287959785
0.6108999999999658,0.4128924078399633
0.6109999999999658,0.4127310008200185
0.6110999999999658,0.41256960181960817
0.6111999999999658,0.4124082108385761
0.6112999999999658,0.4122468278767666
0.6113999999999657,0.4120854529340236
0.6114999999999657,0.41192408601019126
0.6115999999999657,0.41176272710511386
0.6116999999999657,0.41160137621863546
0.6117999999999657,0.41144003335060014
0.6118999999999657,0.411278698500852
0.6119999999999657,0.41111737166923534
0.6120999999999657,0.4109560528555941
0.6121999999999657,0.41079474205977257
0.6122999999999656,0.4106334392816145
0.6123999999999656,0.4104721445209645
0.6124999999999656,0.41031085777766646
0.6125999999999656,0.41014957905156463
0.6126999999999656,0.40998830834250305
0.6127999999999656,0.40982704565032574
0.6128999999999656,0.40966579097487676
0.6129999999999656,0.40950454431600075
0.6130999999999656,0.4093433056735412
0.6131999999999656,0.4091820750473426
0.6132999999999655,0.40902085243724906
0.6133999999999655,0.4088596378431046
0.6134999999999655,0.4086984312647537
0.6135999999999655,0.40853723270203995
0.6136999999999655,0.40837604215480766
0.6137999999999655,0.4081818957938938
0.6138999999999655,0.40792609648916384
0.6139999999999655,0.4076703799558444
0.6140999999999655,0.4074147461882034
0.6141999999999654,0.40718751461288294
0.6142999999999654,0.40702652346273843
0.6143999999999654,0.40686554031945915
0.6144999999999654,0.4067045651828892
0.6145999999999654,0.40654359805287305
0.6146999999999654,0.4063826389292549
0.6147999999999654,0.40622168781187906
0.6148999999999654,0.4060607447005896
0.6149999999999654,0.4058998095952311
0.6150999999999653,0.4057388824956478
0.6151999999999653,0.40557796340168356
0.6152999999999653,0.40541705231318315
0.6153999999999653,0.40525614922999054
0.6154999999999653,0.4050952541519504
0.6155999999999653,0.40493436707890645
0.6156999999999653,0.40477348801070334
0.6157999999999653,0.40461261694718514
0.6158999999999653,0.4044517538881963
0.6159999999999652,0.4042908988335812
0.6160999999999652,0.4041300517831836
0.6161999999999652,0.40396921273684827
0.6162999999999652,0.40380838169441935
0.6163999999999652,0.4036475586557411
0.6164999999999652,0.403486743620658
0.6165999999999652,0.4033259365890139
0.6166999999999652,0.40316513756065325
0.6167999999999652,0.40300434653542055
0.6168999999999651,0.4028435635131598
0.6169999999999651,0.4026827884937154
0.6170999999999651,0.4025220214769316
0.6171999999999651,0.4023612624626528
0.6172999999999651,0.402200511450723
0.6173999999999651,0.4020397684409866
0.6174999999999651,0.4019640172514158
0.6175999999999651,0.4018965122926962
0.617699999999965,0.4018289407178573
0.617799999999965,0.4017613025323161
0.617899999999965,0.4016132750865043
0.617999999999965,0.40145242905752326
0.618099999999965,0.4012915910371653
0.618199999999965,0.4011307610252747
0.618299999999965,0.4009699390216956
0.618399999999965,0.40080912502627214
0.618499999999965,0.40064831903884845
0.618599999999965,0.40048752105926855
0.618699999999965,0.4003267310873765
0.6187999999999649,0.4001659491230168
0.6188999999999649,0.4000051751660334
0.6189999999999649,0.3998444092162703
0.6190999999999649,0.39968365127357147
0.6191999999999649,0.39952290133778146
0.6192999999999649,0.3993621594087443
0.6193999999999649,0.39920142548630405
0.6194999999999649,0.3990406995703048
0.6195999999999648,0.39887998166059074
0.6196999999999648,0.3987192717570061
0.6197999999999648,0.39855856985939475
0.6198999999999648,0.39839787596760107
0.6199999999999648,0.398237190081469
0.6200999999999648,0.3980765122008429
0.6201999999999648,0.39791584232556665
0.6202999999999648,0.3977551804554845
0.6203999999999648,0.39759452659044064
0.6204999999999647,0.3974338807302791
0.6205999999999647,0.397273242874844
0.6206999999999647,0.3971126130239796
0.6207999999999647,0.39695199117753
0.6208999999999647,0.39679137733533926
0.6209999999999647,0.39663077149725157
0.6210999999999647,0.39647017366311105
0.6211999999999647,0.39630958383276166
0.6212999999999647,0.39614900200604797
0.6213999999999646,0.3959884281828137
0.6214999999999646,0.3958278623629032
0.6215999999999646,0.3956673045461604
0.6216999999999646,0.3955067547324296
0.6217999999999646,0.395346212921555
0.6218999999999646,0.39518567911338054
0.6219999999999646,0.3950251533077504
0.6220999999999646,0.3948646355045086
0.6221999999999646,0.3947041257034998
0.6222999999999645,0.39454362390456754
0.6223999999999645,0.39438313010755616
0.6224999999999645,0.39422264431230986
0.6225999999999645,0.3940621665186728
0.6226999999999645,0.393901696726489
0.6227999999999645,0.39374123493560265
0.6228999999999645,0.39358078114585776
0.6229999999999645,0.3934203353570985
0.6230999999999645,0.3932598975691692
0.6231999999999644,0.39309946778191385
0.6232999999999644,0.39293904599517676
0.6233999999999644,0.39277863220880166
0.6234999999999644,0.39261822642263317
0.6235999999999644,0.39245782863651485
0.6236999999999644,0.39229743885029134
0.6237999999999644,0.39213705706380664
0.6238999999999644,0.3919766832769048
0.6239999999999644,0.39181631748943013
0.6240999999999643,0.3916559597012265
0.6241999999999643,0.3914956099121383
0.6242999999999643,0.3913352681220096
0.6243999999999643,0.39117493433068423
0.6244999999999643,0.3910146085380067
0.6245999999999643,0.3908390766975208
0.6246999999999643,0.39063214565454063
0.6247999999999643,0.39042522505246396
0.6248999999999643,0.3902183148910867
0.6249999999999643,0.39001141517020466
0.6250999999999642,0.38980452588961345
0.6251999999999642,0.38959764704910854
0.6252999999999642,0.38939077864848604
0.6253999999999642,0.38918392068754165
0.6254999999999642,0.388977073166071
0.6255999999999642,0.3886855462296567
0.6256999999999642,0.3883886471185858
0.6257999999999642,0.38809185437574956
0.6258999999999642,0.3877951679936809
0.6259999999999641,0.3875787264233519
0.6260999999999641,0.38737213569864903
0.6261999999999641,0.387165555402189
0.6262999999999641,0.3869589855337678
0.6263999999999641,0.38667682035578177
0.6264999999999641,0.38638057785650626
0.6265999999999641,0.3860844416755335
0.6266999999999641,0.3857884118053978
0.626799999999964,0.38556357992408113
0.626899999999964,0.3853572667054194
0.626999999999964,0.3851509639035687
0.627099999999964,0.3849446715183247
0.627199999999964,0.3847383895494839
0.627299999999964,0.3845321179968422
0.627399999999964,0.3843258568601957
0.627499999999964,0.3841196061393406
0.627599999999964,0.3838512462678554
0.627699999999964,0.3835558910806646
0.6277999999999639,0.3832606421417946
0.6278999999999639,0.38296549944378155
0.6279999999999639,0.3827857859544546
0.6280999999999639,0.38266538694484764
0.6281999999999639,0.38254406956837606
0.6282999999999639,0.38242266926282614
0.6283999999999639,0.3822479661896198
0.6284999999999639,0.3820376585917763
0.6285999999999639,0.381827365820352
0.6286999999999638,0.3816170878749393
0.6287999999999638,0.38140682475513
0.6288999999999638,0.38119657646051625
0.6289999999999638,0.38098634299068984
0.6290999999999638,0.38077612434524283
0.6291999999999638,0.38056592052376725
0.6292999999999638,0.3803557315258554
0.6293999999999638,0.38014555735109895
0.6294999999999638,0.37993539799908976
0.6295999999999637,0.3797252534694204
0.6296999999999637,0.3795151237616825
0.6297999999999637,0.37930500887546803
0.6298999999999637,0.37909490881036906
0.6299999999999637,0.37888482356597764
0.6300999999999637,0.3786747531418858
0.6301999999999637,0.37846469753768563
0.6302999999999637,0.3782546567529689
0.6303999999999637,0.3780446307873277
0.6304999999999636,0.37783461964035425
0.6305999999999636,0.3776246233116405
0.6306999999999636,0.37741464180077794
0.6307999999999636,0.37723164364477635
0.6308999999999636,0.37710927571975306
0.6309999999999636,0.37698682504994496
0.6310999999999636,0.37686429164527224
0.6311999999999636,0.3767190157252668
0.6312999999999636,0.3765089256598772
0.6313999999999635,0.3762988504234206
0.6314999999999635,0.3760887900154883
0.6315999999999635,0.3758971144494658
0.6316999999999635,0.3757742822412297
0.6317999999999635,0.3756513673536237
0.6318999999999635,0.3755283697965654
0.6319999999999635,0.37539119038036495
0.6320999999999635,0.3751810215934184
0.6321999999999635,0.3749708676460716
0.6322999999999634,0.3747607285379156
0.6323999999999634,0.3745506042685414
0.6324999999999634,0.37434049483754084
0.6325999999999634,0.3741304002445048
0.6326999999999634,0.37392032048902446
0.6327999999999634,0.3737102555706913
0.6328999999999634,0.3735002054890964
0.6329999999999634,0.373290170243831
0.6330999999999634,0.37308014983448656
0.6331999999999633,0.3728701442606542
0.6332999999999633,0.372660153521925
0.6333999999999633,0.37245017761789034
0.6334999999999633,0.3722402165481416
0.6335999999999633,0.3720302703122697
0.6336999999999633,0.3718203389098663
0.6337999999999633,0.3716104223405225
0.6338999999999633,0.3714005206038293
0.6339999999999633,0.37119063369937827
0.6340999999999632,0.3709807616267604
0.6341999999999632,0.3707709043855672
0.6342999999999632,0.3705610619753898
0.6343999999999632,0.3703512343958194
0.6344999999999632,0.3701414216464472
0.6345999999999632,0.36993162372686456
0.6346999999999632,0.3697218406366629
0.6347999999999632,0.3695120723754332
0.6348999999999632,0.36930231894276677
0.6349999999999631,0.3690925803382548
0.6350999999999631,0.36888285656148856
0.6351999999999631,0.3686731476120596
0.6352999999999631,0.368529534728604
0.6353999999999631,0.36840522504152423
0.6354999999999631,0.3682808329303993
0.6355999999999631,0.3681563584051356
0.6356999999999631,0.36790822430439385
0.6357999999999631,0.3676132299876653
0.635899999999963,0.3673183477321495
0.635999999999963,0.36702357752712295
0.636099999999963,0.36678643422992174
0.636199999999963,0.36657687353138196
0.636299999999963,0.36636732765568303
0.636399999999963,0.3661577966024163
0.636499999999963,0.3659482803711729
0.636599999999963,0.36573877896154383
0.636699999999963,0.3655292923731207
0.636799999999963,0.3653198206054949
0.6368999999999629,0.36511036365825705
0.6369999999999629,0.3649009215309991
0.6370999999999629,0.36469149422331204
0.6371999999999629,0.3644820817347868
0.6372999999999629,0.3642726840650152
0.6373999999999629,0.3640633012135881
0.6374999999999629,0.3638539331800969
0.6375999999999629,0.3636445799641328
0.6376999999999629,0.3634352415652873
0.6377999999999628,0.3632259179831511
0.6378999999999628,0.363016609217316
0.6379999999999628,0.3628073152673731
0.6380999999999628,0.3625980361329135
0.6381999999999628,0.3623887718135286
0.6382999999999628,0.36217952230880956
0.6383999999999628,0.3619702876183478
0.6384999999999628,0.36172879797515967
0.6385999999999628,0.3614357587001545
0.6386999999999627,0.3611428312697073
0.6387999999999627,0.36085001567310326
0.6388999999999627,0.36058544027510664
0.6389999999999627,0.36037649084264983
0.6390999999999627,0.3601675562076817
0.6391999999999627,0.35995863636979386
0.6392999999999627,0.35974973132857774
0.6393999999999627,0.3595408410836252
0.6394999999999627,0.35933196563452785
0.6395999999999626,0.3591231049808771
0.6396999999999626,0.35889435692183724
0.6397999999999626,0.3586022665348311
0.6398999999999626,0.35831028789163716
0.6399999999999626,0.3580184209815444
0.6400999999999626,0.35774248319429097
0.6401999999999626,0.35753390751892766
0.6402999999999626,0.35732534662224974
0.6403999999999626,0.35711680050384914
0.6404999999999625,0.35690826916331825
0.6405999999999625,0.356699752600249
0.6406999999999625,0.3564912508142332
0.6407999999999625,0.3562827638048631
0.6408999999999625,0.35607429157173076
0.6409999999999625,0.35586583411442796
0.6410999999999625,0.3556573914325469
0.6411999999999625,0.35544987926422955
0.6412999999999625,0.35524375366365923
0.6413999999999624,0.355037640244982
0.6414999999999624,0.3548315390079182
0.6415999999999624,0.35462544995218853
0.6416999999999624,0.35441937307751387
0.6417999999999624,0.35421330838361503
0.6418999999999624,0.3540072558702124
0.6419999999999624,0.3538012155370267
0.6420999999999624,0.35359518738377865
0.6421999999999624,0.35338917141018905
0.6422999999999623,0.3531831676159785
0.6423999999999623,0.35297717600086775
0.6424999999999623,0.3527711965645772
0.6425999999999623,0.35256522930682793
0.6426999999999623,0.3523592742273405
0.6427999999999623,0.35215333132583543
0.6428999999999623,0.3519474006020335
0.6429999999999623,0.35174148205565536
0.6430999999999623,0.35153557568642196
0.6431999999999622,0.3513296814940536
0.6432999999999622,0.3511237994782711
0.6433999999999622,0.3509179296387954
0.6434999999999622,0.35071207197534693
0.6435999999999622,0.35050622648764623
0.6436999999999622,0.3503003931754143
0.6437999999999622,0.3500945720383717
0.6438999999999622,0.3498887630762391
0.6439999999999622,0.34968296628873724
0.6440999999999621,0.3494771816755868
0.6441999999999621,0.3493285806618841
0.6442999999999621,0.3492038960438324
0.6443999999999621,0.3490791279855228
0.6444999999999621,0.34895427649516125
0.6445999999999621,0.3487762384319003
0.6446999999999621,0.3485703333391687
0.6447999999999621,0.34836444043028414
0.6448999999999621,0.3481585597049673
0.644999999999962,0.3479526911629384
0.645099999999962,0.3477468348039179
0.645199999999962,0.3475409906276265
0.645299999999962,0.3473351586337841
0.645399999999962,0.3471293388221117
0.645499999999962,0.3469235311923293
0.645599999999962,0.34671773574415765
0.645699999999962,0.346511952477317
0.645799999999962,0.34630618139152763
0.645899999999962,0.34610042248651024
0.6459999999999619,0.34589467576198507
0.6460999999999619,0.34568894121767274
0.6461999999999619,0.3454832188532934
0.6462999999999619,0.3452775086685677
0.6463999999999619,0.34507181066321624
0.6464999999999619,0.3448661248369589
0.6465999999999619,0.3446604511895164
0.6466999999999619,0.34445478972060933
0.6467999999999618,0.34424914042995797
0.6468999999999618,0.3440435033172827
0.6469999999999618,0.34383787838230395
0.6470999999999618,0.3436322656247423
0.6471999999999618,0.343426665044318
0.6472999999999618,0.3432210766407516
0.6473999999999618,0.34301550041376344
0.6474999999999618,0.34280993636307394
0.6475999999999618,0.34260438448840363
0.6476999999999618,0.34239884478947286
0.6477999999999617,0.34219331726600205
0.6478999999999617,0.3419878019177118
0.6479999999999617,0.3417822987443221
0.6480999999999617,0.34157680774555393
0.6481999999999617,0.3413713289211274
0.6482999999999617,0.341165862270763
0.6483999999999617,0.34096040779418113
0.6484999999999617,0.34075496549110246
0.6485999999999617,0.3405495353612469
0.6486999999999616,0.34034411740433546
0.6487999999999616,0.3401387116200881
0.6488999999999616,0.3399333180082257
0.6489999999999616,0.3397279365684682
0.6490999999999616,0.3395225673005363
0.6491999999999616,0.3393172102041504
0.6492999999999616,0.3391118652790309
0.6493999999999616,0.33890653252489855
0.6494999999999616,0.33870121194147323
0.6495999999999615,0.3385199968221208
0.6496999999999615,0.3383639300899701
0.6497999999999615,0.3382078724940505
0.6498999999999615,0.3380518240341529
0.6499999999999615,0.3378957847100683
0.6500999999999615,0.3377397545215877
0.6501999999999615,0.33758373346850257
0.6502999999999615,0.3374277215506034
0.6503999999999615,0.3372717187676814
0.6504999999999614,0.33711572511952803
0.6505999999999614,0.3369597406059338
0.6506999999999614,0.33680376522669014
0.6507999999999614,0.3366477989815877
0.6508999999999614,0.3364918418704177
0.6509999999999614,0.3363358938929715
0.6510999999999614,0.3361799550490397
0.6511999999999614,0.33602402533841347
0.6512999999999614,0.335868104760884
0.6513999999999613,0.33571219331624214
0.6514999999999613,0.3356209423573093
0.6515999999999613,0.33554287994864407
0.6516999999999613,0.33546475429926315
0.6517999999999613,0.335386565415317
0.6518999999999613,0.3352475595199
0.6519999999999613,0.3350915563863811
0.6520999999999613,0.33493556239286937
0.6521999999999613,0.3347795775391559
0.6522999999999612,0.3346236018250312
0.6523999999999612,0.3344676352502864
0.6524999999999612,0.33431167781471205
0.6525999999999612,0.33415572951809924
0.6526999999999612,0.333999790360239
0.6527999999999612,0.3338438603409218
0.6528999999999612,0.33368793945993863
0.6529999999999612,0.33353202771708035
0.6530999999999612,0.3333761251121378
0.6531999999999611,0.33322023164490205
0.6532999999999611,0.33306434731516354
0.6533999999999611,0.3329084721227133
0.6534999999999611,0.3327526060673425
0.6535999999999611,0.3325967491488416
0.6536999999999611,0.3324409013670015
0.6537999999999611,0.3322850627216132
0.6538999999999611,0.3321292332124674
0.6539999999999611,0.3319734128393552
0.654099999999961,0.3318176016020671
0.654199999999961,0.3316617995003942
0.654299999999961,0.3315060065341272
0.654399999999961,0.33135022270305736
0.654499999999961,0.33119444800697495
0.654599999999961,0.33103868244567114
0.654699999999961,0.3308829260189368
0.654799999999961,0.33072717872656276
0.654899999999961,0.33057144056833987
0.654999999999961,0.33041571154405885
0.6550999999999609,0.33025999165351055
0.6551999999999609,0.33010428089648625
0.6552999999999609,0.3299485792727763
0.6553999999999609,0.3297928867821718
0.6554999999999609,0.3296372034244635
0.6555999999999609,0.32948152919944235
0.6556999999999609,0.3293258641068993
0.6557999999999609,0.3291702081466248
0.6558999999999608,0.3290145613184101
0.6559999999999608,0.32885892362204605
0.6560999999999608,0.3287032950573233
0.6561999999999608,0.3285476756240327
0.6562999999999608,0.3283920653219652
0.6563999999999608,0.32823646415091173
0.6564999999999608,0.32807893342879846
0.6565999999999608,0.3279211983129218
0.6566999999999608,0.32776347431127134
0.6567999999999607,0.32760576142354003
0.6568999999999607,0.32744805964942036
0.6569999999999607,0.3272903689886052
0.6570999999999607,0.3271326894407872
0.6571999999999607,0.3269750210056592
0.6572999999999607,0.32681736368291403
0.6573999999999607,0.3266597174722441
0.6574999999999607,0.3265097467414434
0.6575999999999607,0.3264278064541165
0.6576999999999606,0.32634580416950854
0.6577999999999606,0.3262637398950426
0.6578999999999606,0.3261776358621244
0.6579999999999606,0.32601990835544026
0.6580999999999606,0.3258621919691126
0.6581999999999606,0.3257044867028335
0.6582999999999606,0.325546487165338
0.6583999999999606,0.3253134092485804
0.6584999999999606,0.325080415518408
0.6585999999999606,0.32484750596678424
0.6586999999999605,0.32461468058567317
0.6587999999999605,0.32445383711870823
0.6588999999999605,0.32429635755229635
0.6589999999999605,0.3241388890930437
0.6590999999999605,0.32398143174064287
0.6591999999999605,0.32382398549478625
0.6592999999999605,0.323666550355167
0.6593999999999605,0.3235091263214777
0.6594999999999605,0.3233517133934111
0.6595999999999604,0.32319431157065986
0.6596999999999604,0.3230369208529168
0.6597999999999604,0.32287954123987467
0.6598999999999604,0.3227221727312261
0.6599999999999604,0.32256481532666365
0.6600999999999604,0.3224074690258805
0.6601999999999604,0.3222501338285691
0.6602999999999604,0.32209280973442234
0.6603999999999604,0.32193549674313265
0.6604999999999603,0.32177819485439296
0.6605999999999603,0.3216209040678961
0.6606999999999603,0.3214636243833346
0.6607999999999603,0.3213063558004013
0.6608999999999603,0.32114909831878885
0.6609999999999603,0.32099185193819013
0.6610999999999603,0.3208346166582979
0.6611999999999603,0.32062801117144774
0.6612999999999603,0.32039648569639684
0.6613999999999602,0.32016504423752257
0.6614999999999602,0.31993368678679523
0.6615999999999602,0.31974809163496026
0.6616999999999602,0.3195910705290808
0.6617999999999602,0.3194340605113356
0.6618999999999602,0.319277061581418
0.6619999999999602,0.3191200737390207
0.6620999999999602,0.31896309698383657
0.6621999999999602,0.318806131315559
0.6622999999999601,0.3186491767338809
0.6623999999999601,0.31845391838339837
0.6624999999999601,0.31822310558682104
0.6625999999999601,0.31799237673091746
0.6626999999999601,0.3177617318076607
0.6627999999999601,0.3175658252170142
0.6628999999999601,0.3174090845996783
0.6629999999999601,0.3172523550563753
0.66309999999996,0.31709563658679857
0.66319999999996,0.3169389291906412
0.66329999999996,0.31678223286759666
0.66339999999996,0.3166255476173583
0.66349999999996,0.3164688734396194
0.66359999999996,0.3163122103340732
0.66369999999996,0.31615555830041303
0.66379999999996,0.31599891733833224
0.66389999999996,0.3158422874475242
0.66399999999996,0.3156856686276821
0.66409999999996,0.3155290608784993
0.6641999999999599,0.3153724641996692
0.6642999999999599,0.31521587859088485
0.6643999999999599,0.31505930405183996
0.6644999999999599,0.31490274058222745
0.6645999999999599,0.314746188181741
0.6646999999999599,0.3145896468500735
0.6647999999999599,0.31443311658691875
0.6648999999999599,0.31427659739196967
0.6649999999999598,0.31412008926491974
0.6650999999999598,0.31396359220546227
0.6651999999999598,0.3138071062132906
0.6652999999999598,0.313650631288098
0.6653999999999598,0.31349416742957764
0.6654999999999598,0.31333771463742316
0.6655999999999598,0.3131907007577077
0.6656999999999598,0.313107000229307
0.6657999999999598,0.31302323807498245
0.6658999999999597,0.31293941430214056
0.6659999999999597,0.3128496482857306
0.6660999999999597,0.31269311476736156
0.6661999999999597,0.3125365923236198
0.6662999999999597,0.31238008095419856
0.6663999999999597,0.31222592820448075
0.6664999999999597,0.31214188195239523
0.6665999999999597,0.3120577741232236
0.6666999999999597,0.3119736047243705
0.6667999999999596,0.31188937376324033
0.6668999999999596,0.3117339532185037
0.6669999999999596,0.3115773723364277
0.6670999999999596,0.3114208025366223
0.6671999999999596,0.3112642438187802
0.6672999999999596,0.31110769618259415
0.6673999999999596,0.31095115962775666
0.6674999999999596,0.31079463415396075
0.6675999999999596,0.31063811976089906
0.6676999999999595,0.3104816164482645
0.6677999999999595,0.3103251242157495
0.6678999999999595,0.3101686430630471
0.6679999999999595,0.3100121729898498
0.6680999999999595,0.3098557139958504
0.6681999999999595,0.3096992660807418
0.6682999999999595,0.3095428292442165
0.6683999999999595,0.3093864034859675
0.6684999999999595,0.3092299888056873
0.6685999999999594,0.3090735852030688
0.6686999999999594,0.3089171926778047
0.6687999999999594,0.30876081122958776
0.6688999999999594,0.3086044408581107
0.6689999999999594,0.30844808156306625
0.6690999999999594,0.3082917333441471
0.6691999999999594,0.3081353962010461
0.6692999999999594,0.30797907013345593
0.6693999999999594,0.3078227551410695
0.6694999999999593,0.3076664512235792
0.6695999999999593,0.3075101583806782
0.6696999999999593,0.30735387661205876
0.6697999999999593,0.3071976059174142
0.6698999999999593,0.3070413462964367
0.6699999999999593,0.3068850977488194
0.6700999999999593,0.3067288602742547
0.6701999999999593,0.30657263387243583
0.6702999999999593,0.306416418543055
0.6703999999999593,0.30626021428580535
0.6704999999999592,0.3061040211003795
0.6705999999999592,0.3059478389864701
0.6706999999999592,0.30579166794377005
0.6707999999999592,0.3056355079719719
0.6708999999999592,0.30547935907076845
0.6709999999999592,0.30532322123985267
0.6710999999999592,0.30516709447891716
0.6711999999999592,0.3050109787876546
0.6712999999999592,0.30485487416575763
0.6713999999999591,0.3046987806129193
0.6714999999999591,0.3045426981288323
0.6715999999999591,0.30438662671318906
0.6716999999999591,0.3042305663656827
0.6717999999999591,0.30407451708600564
0.6718999999999591,0.30391847887385104
0.6719999999999591,0.30376245172891125
0.6720999999999591,0.3036064356508792
0.672199999999959,0.3034504306394476
0.672299999999959,0.3032944366943093
0.672399999999959,0.30313845381515686
0.672499999999959,0.3029824820016831
0.672599999999959,0.3028265212535808
0.672699999999959,0.3026705715705428
0.672799999999959,0.30251463295226155
0.672899999999959,0.30235870539843024
0.672999999999959,0.3022027889087412
0.673099999999959,0.30204688348288733
0.6731999999999589,0.30189098912056156
0.6732999999999589,0.30173510582145635
0.6733999999999589,0.30157923358526467
0.6734999999999589,0.3014233724116791
0.6735999999999589,0.3012675223003925
0.6736999999999589,0.3011116832510976
0.6737999999999589,0.3009558552634871
0.6738999999999589,0.3008000383372537
0.6739999999999589,0.30064423247209043
0.6740999999999588,0.3004884376676897
0.6741999999999588,0.3003326539237444
0.6742999999999588,0.3001768812399473
0.6743999999999588,0.3000211196159912
0.6744999999999588,0.2998653690515687
0.6745999999999588,0.29970962954637265
0.6746999999999588,0.29951950811385686
0.6747999999999588,0.29932092613699757
0.6748999999999588,0.2991223584364756
0.6749999999999587,0.2989235877438923
0.6750999999999587,0.29872287746184273
0.6751999999999587,0.2985221842675481
0.6752999999999587,0.29832150816044145
0.6753999999999587,0.2981208491399555
0.6754999999999587,0.2979202072055235
0.6755999999999587,0.2977195823565781
0.6756999999999587,0.29751897459255255
0.6757999999999587,0.29725529099763637
0.6758999999999586,0.2969858509514996
0.6759999999999586,0.2967165210130476
0.6760999999999586,0.29644730116982765
0.6761999999999586,0.29623777306672405
0.6762999999999586,0.29603745606816445
0.6763999999999586,0.29583715613451655
0.6764999999999586,0.29563687326521426
0.6765999999999586,0.2954366074596906
0.6766999999999586,0.2952363587173794
0.6767999999999585,0.2950361270377139
0.6768999999999585,0.2948359124201277
0.6769999999999585,0.2946357148640544
0.6770999999999585,0.2944355343689272
0.6771999999999585,0.29423537093417984
0.6772999999999585,0.29403522455924574
0.6773999999999585,0.2938350952435582
0.6774999999999585,0.2936349829865511
0.6775999999999585,0.2934348877876573
0.6776999999999584,0.29323480964631093
0.6777999999999584,0.2930347485619452
0.6778999999999584,0.2928347045339934
0.6779999999999584,0.2926346775618895
0.6780999999999584,0.2924346676450665
0.6781999999999584,0.29223467478295817
0.6782999999999584,0.2920346989749978
0.6783999999999584,0.2918347402206189
0.6784999999999584,0.2916347985192553
0.6785999999999583,0.29143487387034006
0.6786999999999583,0.2912349662733069
0.6787999999999583,0.2910350757275892
0.6788999999999583,0.29083520223262044
0.6789999999999583,0.2906353457878341
0.6790999999999583,0.2904355063926639
0.6791999999999583,0.29023568404654293
0.6792999999999583,0.29003587874890513
0.6793999999999583,0.2898360904991837
0.6794999999999582,0.28963631929681205
0.6795999999999582,0.2894365651412238
0.6796999999999582,0.2892368280318525
0.6797999999999582,0.28906590301833357
0.6798999999999582,0.28893323164490575
0.6799999999999582,0.28880048460634816
0.6800999999999582,0.2886676619139641
0.6801999999999582,0.28850929890857047
0.6802999999999582,0.2883094764378707
0.6803999999999581,0.28810967102543944
0.6804999999999581,0.28790988267070955
0.6805999999999581,0.2877101113731141
0.6806999999999581,0.287510357132086
0.6807999999999581,0.28731061994705825
0.6808999999999581,0.2871108998174637
0.6809999999999581,0.28689234516901324
0.6810999999999581,0.2866261847755502
0.6811999999999581,0.2863601340361762
0.681299999999958,0.2860941929384685
0.681399999999958,0.28584394318868434
0.681499999999958,0.28564452080145913
0.681599999999958,0.28544511543850104
0.681699999999958,0.285245727099245
0.681799999999958,0.28503403235047886
0.681899999999958,0.28476856147885804
0.681999999999958,0.28450320017795566
0.682099999999958,0.2842379484353525
0.682199999999958,0.2839818893846407
0.6822999999999579,0.28378279047479915
0.6823999999999579,0.2835837085687081
0.6824999999999579,0.2833846436658031
0.6825999999999579,0.28318559576551955
0.6826999999999579,0.28298656486729296
0.6827999999999579,0.2827875509705587
0.6828999999999579,0.2825885540747524
0.6829999999999579,0.28238691764524315
0.6830999999999579,0.28212238646045684
0.6831999999999578,0.2818579647293757
0.6832999999999578,0.28159365243958595
0.6833999999999578,0.2813294495786742
0.6834999999999578,0.2811302119740618
0.6835999999999578,0.28093152116010517
0.6836999999999578,0.2807328473265711
0.6837999999999578,0.28053419047289546
0.6838999999999578,0.2802740457178547
0.6839999999999578,0.28001031214234695
0.6840999999999577,0.2797466879248243
0.6841999999999577,0.2794831730528768
0.6842999999999577,0.279219767514095
0.6843999999999577,0.27895647129607026
0.6844999999999577,0.2786932843863942
0.6845999999999577,0.2784302067726592
0.6846999999999577,0.2781672384424582
0.6847999999999577,0.2779043793833842
0.6848999999999577,0.2776416295830312
0.6849999999999576,0.2773789890289935
0.6850999999999576,0.2771164577088661
0.6851999999999576,0.2768540356102443
0.6852999999999576,0.276591722720724
0.6853999999999576,0.27632951902790176
0.6854999999999576,0.27606742451937444
0.6855999999999576,0.27580543918273986
0.6856999999999576,0.27554356300559574
0.6857999999999576,0.27528179597554064
0.6858999999999575,0.27506515820537797
0.6859999999999575,0.2748678083037445
0.6860999999999575,0.27467047528911565
0.6861999999999575,0.27447315916093007
0.6862999999999575,0.2742340828009176
0.6863999999999575,0.2739727837493285
0.6864999999999575,0.2737115937740074
0.6865999999999575,0.2734505128625565
0.6866999999999575,0.27315098893265505
0.6867999999999574,0.2728262915323922
0.6868999999999574,0.27250179531894797
0.6869999999999574,0.2721775002680915
0.6870999999999574,0.2718534063555934
0.6871999999999574,0.27152951355722527
0.6872999999999574,0.27120582184875985
0.6873999999999574,0.2708823312059705
0.6874999999999574,0.2705911974212922
0.6875999999999574,0.27033157937080565
0.6876999999999573,0.27007207021591284
0.6877999999999573,0.2698126699442232
0.6878999999999573,0.2694954093577981
0.6879999999999573,0.26910964960911077
0.6880999999999573,0.2687241828385624
0.6881999999999573,0.2683390090101045
0.6882999999999573,0.26792829679590563
0.6883999999999573,0.2674806020093162
0.6884999999999573,0.26703329209137894
0.6885999999999572,0.2665863669942228
0.6886999999999572,0.26618521847895876
0.6887999999999572,0.26586491273332624
0.6888999999999572,0.2655448076581782
0.6889999999999572,0.26522490322930603
0.6890999999999572,0.2648073073140354
0.6891999999999572,0.26417408820039473
0.6892999999999572,0.26354152952042487
0.6893999999999572,0.2629096311907942
0.6894999999999571,0.26227839312817475
0.6895999999999571,0.2616478152492425
0.6896999999999571,0.26101789747067694
0.6897999999999571,0.26038863970916115
0.6898999999999571,0.2597332476157624
0.6899999999999571,0.2589805498906884
0.6900999999999571,0.2582286957513839
0.6901999999999571,0.25747768509090213
0.6902999999999571,0.25660351810228055
0.690399999999957,0.2551078143273088
0.690499999999957,0.25361405624623984
0.690599999999957,0.2521222436102967
0.690699999999957,0.2506542382254613
0.690799999999957,0.2493523661721
0.690899999999957,0.24805216327761404
0.690999999999957,0.24675362932872824
0.691099999999957,0.24539713456510057
0.691199999999957,0.24323624262265103
0.691299999999957,0.2410783044007531
0.6913999999999569,0.2389233195207228
0.6914999999999569,0.23675879755902438
0.6915999999999569,0.23399317824766253
0.6916999999999569,0.23123142898238203
0.6917999999999569,0.22847354926640545
0.6918999999999569,0.22571953860297758
0.6919999999999569,0.2227902086600619
0.6920999999999569,0.2198597918216567
0.6921999999999568,0.21693351776832326
0.6922999999999568,0.21401138596795247
0.6923999999999568,0.2099619269498922
0.6924999999999568,0.20582408390887144
0.6925999999999568,0.20169221571612134
0.6926999999999568,0.19756632160337978
0.6927999999999568,0.19419449778402276
0.6928999999999568,0.19093480917818773
0.6929999999999568,0.1876798088520275
0.6930999999999568,0.1844294962027679
0.6931999999999567,0.1797247233166713
0.6932999999999567,0.17471949824937985
0.6933999999999567,0.1697216168128245
0.6934999999999567,0.1647310780618697
0.6935999999999567,0.15998394712758798
0.6936999999999567,0.1553113729573821
0.6937999999999567,0.150645680559287
0.6938999999999567,0.14598686904737332
0.6939999999999567,0.14199687046049544
0.6940999999999566,0.13825894954841275
0.6941999999999566,0.13452653309936768
0.6942999999999566,0.13079962040468018
0.6943999999999566,0.12580527776373004
0.6944999999999566,0.12022024041990856
0.6945999999999566,0.1146435428501579
0.6946999999999566,0.10907518397998311
0.6947999999999566,0.10435146380143852
0.6948999999999566,0.1001222797020943
0.6949999999999565,0.0958994175995978
0.6950999999999565,0.09168287667931056
0.6951999999999565,0.0879973987754068
0.6952999999999565,0.08469249084193434
0.6953999999999565,0.08139252928924766
0.6954999999999565,0.07809751347987427
0.6955999999999565,0.07455168421131336
0.6956999999999565,0.0707885408549749
0.6957999999999565,0.0670310730036005
0.6958999999999564,0.06327927992543225
0.6959999999999564,0.06031547529944039
0.6960999999999564,0.05818345928005772
0.6961999999999564,0.05605464728377878
0.6962999999999564,0.05392903889752902
0.6963999999999564,0.05172864212148368
0.6964999999999564,0.04943126712854214
0.6965999999999564,0.04713736869660001
0.6966999999999564,0.04484694637726609
0.6967999999999563,0.04265215002143012
0.6968999999999563,0.040605519845448856
0.6969999999999563,0.03856199897530489
0.6970999999999563,0.03652158700986745
0.6971999999999563,0.0346048579658655
0.6972999999999563,0.03292484158929326
0.6973999999999563,0.031247384909132835
0.6974999999999563,0.029572255986939223
0.6975999999999563,0.028019818047781968
0.6976999999999562,0.026761708793872928
0.6977999999999562,0.025505546852551558
0.6978999999999562,0.024251331913365554
0.6979999999999562,0.023041857044547302
0.6980999999999562,0.021967528635606533
0.6981999999999562,0.020894868566608427
0.6982999999999562,0.019823876571498308
0.6983999999999562,0.018788679147494363
0.6984999999999562,0.017896467337708957
0.6985999999999561,0.01700564519028206
0.6986999999999561,0.01611621248353945
0.6987999999999561,0.015245178430575126
0.6988999999999561,0.014475121570021785
0.6989999999999561,0.01370626848787833
0.6990999999999561,0.012938618992062436
0.6991999999999561,0.012194780238284814
0.6992999999999561,0.011662001718040285
0.6993999999999561,0.011130056369884723
0.699499999999956,0.010598944060854239
0.699599999999956,0.01007148159296387
0.699699999999956,0.009602160420473264
0.699799999999956,0.009133405484317448
0.699899999999956,0.008665174940965274
0.699999999999956,0.00819746870861456
0.700099999999956,0.007614650754925102
0.700199999999956,0.00703248786474845
0.700299999999956,0.00645097993590455
0.700399999999956,0.0058701268661680815
0.7004999999999559,0.0056192353637546134
0.7005999999999559,0.00538543113463551
0.7006999999999559,0.00515188893337335
0.7007999999999559,0.004918608719078467
0.7008999999999559,0.004685590450863442
0.7009999999999559,0.0044528340878430914
0.7010999999999559,0.004220339589134484
0.7011999999999559,0.003988106913856933
0.7012999999999558,0.0037561360211319354
0.7013999999999558,0.0035244268700833368
0.7014999999999558,0.003292979419837191
0.7015999999999558,0.0030617936295217877
0.7016999999999558,0.0029231905041324498
0.7017999999999558,0.0028069993512194833
0.7018999999999558,0.002690939056570805
0.7019999999999558,0.002575009599751357
0.7020999999999558,0.002502488999975576
0.7021999999999557,0.002443927811201126
0.7022999999999557,0.0023854320864947504
0.7023999999999557,0.002327001815638038
0.7024999999999557,0.0022282286960243246
0.7025999999999557,0.0021129516617701383
0.7026999999999557,0.0019978053361112283
0.7027999999999557,0.0018827896986209451
0.7028999999999557,0.001767904728873803
0.7029999999999557,0.0016531504064453784
0.7030999999999556,0.001538526710912368
0.7031999999999556,0.0014240336218526116
0.7032999999999556,0.0013443780930106198
0.7033999999999556,0.0012868659289861442
0.7034999999999556,0.0012294190788948937
0.7035999999999556,0.001172037532526329
0.7036999999999556,0.0011147212796704538
0.7037999999999556,0.0010574703101178557
0.7038999999999556,0.0010002846136596918
0.7039999999999556,0.0009431641800876671
0.7040999999999555,0.000886108999194049
0.7041999999999555,0.0008291190607716639
0.7042999999999555,0.0007721943546139001
0.7043999999999555,0.000715334870514708
0.7044999999999555,0.0006847909167176911
0.7045999999999555,0.0006843952171860102
0.7046999999999555,0.0006839995589603555
0.7047999999999555,0.0006836039420390231
0.7048999999999555,0.0006597515458649324
0.7049999999999554,0.000603151335048944
0.7050999999999554,0.0005466162886312882
0.7051999999999554,0.0004901463964098352
0.7052999999999554,0.00045441765129171157
0.7053999999999554,0.0004541540718709273
0.7054999999999554,0.0004538905199784074
0.7055999999999554,0.00045362699561301586
0.7056999999999554,0.0004354556405970885
0.7057999999999554,0.00037924472468225034
0.7058999999999553,0.00032309890532627875
0.7059999999999553,0.0002670181723309653
0.7060999999999553,0.00022615489332661475
0.7061999999999553,0.00022602321371337794
0.7062999999999553,0.0002258915478597299
0.7063999999999553,0.00022575989576510276
0.7064999999999553,0.00022562825742892878
0.7065999999999553,0.00022549663285063965
0.7066999999999553,0.00022536502202966772
0.7067999999999552,0.00022523342496544508
0.7068999999999552,0.00022510184165740378
0.7069999999999552,0.00022497027210497588
0.7070999999999552,0.00022483871630759358
0.7071999999999552,0.0002247071742646889
0.7072999999999552,0.00022457564597569389
0.7073999999999552,0.00022444413144004068
0.7074999999999552,0.00022431263065716137
0.7075999999999552,0.00022418114362648814
0.7076999999999551,0.00022404967034745296
0.7077999999999551,0.00022391821081948777
0.7078999999999551,0.00022378676504202513
0.7079999999999551,0.00022365533301449666
0.7080999999999551,0.0002235239147363347
0.7081999999999551,0.0002233925102069713
0.7082999999999551,0.00022326111942583854
0.7083999999999551,0.0002231297423923685
0.708499999999955,0.00022299837910599323
0.708599999999955,0.000222867029566145
0.708699999999955,0.00022273569377225574
0.708799999999955,0.00022260437172375762
0.708899999999955,0.00022247306342008263
0.708999999999955,0.00022234176886066307
0.709099999999955,0.00022221048804493075
0.709199999999955,0.00022207922097231803
0.709299999999955,0.00022194796764225688
0.709399999999955,0.00022181672805417945
0.7094999999999549,0.00022168550220751763
0.7095999999999549,0.00022155429010170386
0.7096999999999549,0.00022142309173617017
0.7097999999999549,0.00022129190711034838
0.7098999999999549,0.00022116073622367074
0.7099999999999549,0.00022102957907556942
0.7100999999999549,0.00022089843566547635
0.7101999999999549,0.00022076730599282382
0.7102999999999549,0.00022063619005704385
0.7103999999999548,0.00022050508785756857
0.7104999999999548,0.00022037399939383
0.7105999999999548,0.00022024292466526024
0.7106999999999548,0.00022011186367129154
0.7107999999999548,0.00021998081641135586
0.7108999999999548,0.00021984978288488527
0.7109999999999548,0.00018236657339032962
0.7110999999999548,0.00012801966237307565
0.7111999999999548,7.373747296394794e-05
0.7112999999999547,1.9519994987660847e-05
0.7113999999999547,3.4632781730538886e-05
0.7114999999999547,8.872086736480227e-05
0.7115999999999547,0.00014274427208871586
0.7116999999999547,0.000196703006075321
0.7117999999999547,0.0001867451186206839
0.7118999999999547,0.00013265390314575265
0.7119999999999547,7.862735534680845e-05
0.7120999999999547,2.4665465051918468e-05
