W,T,R
0.3,5.09e-05,0.6278481
0.301,5.21e-05,0.7085131
0.302,2.85e-05,0.7695413999999999
0.303,4.41e-05,0.7660371
0.304,0.0001016,0.7618938
0.305,0.0001404,0.7733361999999999
0.306,0.00012109999999999999,0.7094746000000001
0.307,7.62e-05,0.7081722
0.308,4.68e-05,0.741735
0.309,4.989999999999999e-05,0.7970142
0.31,0.00021559999999999998,0.8468098000000001
0.311,0.0014833,0.8636917
0.312,0.0024305,0.8866749
0.313,0.0028794999999999997,0.8774337
0.314,0.0026736999999999998,0.9181927000000001
0.315,0.0019297000000000001,0.9362336
0.316,0.0001426,0.9729079
0.317,1.53e-05,0.9826804
0.318,1.6100000000000002e-05,0.9812765
0.319,0.0003878,0.9726463
0.32,0.001142,0.9550148
0.321,0.0013580999999999999,0.9450445000000001
0.322,0.0020605000000000003,0.9313731
0.323,0.0022548,0.9320711
0.324,0.0032424999999999997,0.9165572000000001
0.325,0.0027828,0.9281476999999999
0.326,0.0036747000000000004,0.9272824
0.327,0.0047513,0.9361581999999999
0.328,0.0045422,0.9581358
0.329,0.0039875,0.9605273
0.33,0.0041042,0.9658031
0.331,0.0040219,0.9640102
0.332,0.0032795000000000003,0.966375
0.333,0.0031425,0.9658249000000001
0.334,0.0034404,0.96502
0.335,0.0037029000000000003,0.964297
0.336,0.0039427,0.9656142
0.337,0.0038753,0.9661671
0.338,0.0037674,0.9611574
0.339,0.0032364,0.9656087
0.34,0.0029733999999999997,0.9710962999999999
0.341,0.0033117999999999997,0.9732626000000001
0.342,0.0038580999999999997,0.9762555999999999
0.343,0.0053178,0.9785874
0.344,0.0074592999999999994,0.9793782
0.345,0.0097314,0.9772372
0.346,0.0119405,0.9747224
0.347,0.0135945,0.9733907
0.348,0.0165087,0.9701344000000001
0.349,0.017027399999999998,0.9701732
0.35,0.0151652,0.9730133999999999
0.351,0.0128743,0.9791307
0.352,0.0102241,0.9820183
0.353,0.007944,0.9871331999999999
0.354,0.0074275999999999995,0.9880593000000001
0.355,0.010511,0.9868113
0.356,0.0124983,0.9851694999999999
0.357,0.0225114,0.9756477
0.358,0.029933900000000003,0.9687621
0.359,0.044029,0.9547751999999999
0.36,0.0543051,0.9445341
0.361,0.0816967,0.9166082
0.362,0.103597,0.8947421
0.363,0.1181218,0.8804549
0.364,0.16747050000000002,0.8308450000000001
0.365,0.2370768,0.7614729
0.366,0.2994264,0.6990029
0.367,0.38403170000000003,0.6145218
0.368,0.488059,0.5106788
0.369,0.6148129,0.3838288
0.37,0.7329758,0.2653758
0.371,0.8171134999999999,0.1816526
0.372,0.8967006000000001,0.10108320000000001
0.373,0.9548653,0.0437823
0.374,0.965671,0.032834
0.375,0.9674469000000001,0.0311208
0.376,0.967771,0.0304661
0.377,0.9684357,0.029948899999999997
0.378,0.9662461999999999,0.0323906
0.379,0.9654337,0.0331834
0.38,0.9660278,0.0325895
0.381,0.9669199,0.031888200000000005
0.382,0.9677924,0.0304614
0.383,0.9697294,0.029468499999999998
0.384,0.9693272,0.029519000000000004
0.385,0.9685577000000001,0.030451000000000002
0.386,0.9679152000000001,0.030816200000000002
0.387,0.9673491,0.0316989
0.388,0.9667502,0.032265999999999996
0.389,0.9657564000000001,0.032814199999999995
0.39,0.9656573,0.0334287
0.391,0.9649684000000001,0.033906900000000004
0.392,0.9642053,0.0347989
0.393,0.9631731000000001,0.0351152
0.394,0.9641357,0.0350004
0.395,0.9652263000000001,0.0340976
0.396,0.9661282,0.0329834
0.397,0.9661746999999999,0.0327466
0.398,0.9672615999999999,0.0316775
0.399,0.9674692,0.031562
0.4,0.9670869000000001,0.0312693
0.401,0.9678180999999999,0.0313157
0.402,0.9682919,0.030784600000000002
0.403,0.9680746,0.0308172
0.404,0.9682442,0.0313294
0.405,0.9666018,0.0318613
0.406,0.9667990000000001,0.032393200000000004
0.407,0.9662539,0.0328883
0.408,0.9659247999999999,0.033424800000000005
0.409,0.9660183000000001,0.0333404
0.41,0.9651725999999999,0.0335018
0.411,0.9657098000000001,0.033594900000000004
0.412,0.9650527,0.0339026
0.413,0.9651023000000001,0.0338673
0.414,0.9651049999999999,0.0340761
0.415,0.9650038999999999,0.0338074
0.416,0.9659068000000001,0.033424
0.417,0.965736,0.0328911
0.418,0.9673235,0.0320555
0.419,0.9670968999999999,0.0317783
0.42,0.9671803,0.0316001
0.421,0.9672029000000001,0.0318459
0.422,0.9668606,0.031893
0.423,0.9667948,0.032327499999999995
0.424,0.9665884,0.0323865
0.425,0.9670206,0.0325711
0.426,0.9658549,0.032815500000000004
0.427,0.9663501999999999,0.0329443
0.428,0.9659881,0.0332354
0.429,0.9657640000000001,0.0331264
0.43,0.9662752,0.0330291
0.431,0.9659487,0.0328242
0.432,0.9665848,0.0327304
0.433,0.9664562,0.0326353
0.434,0.9664238,0.0327033
0.435,0.9661803,0.0328898
0.436,0.9655267999999999,0.0334906
0.437,0.9660194,0.0336276
0.438,0.9660323,0.033265699999999995
0.439,0.9663557,0.0327549
0.44,0.9671363,0.0319333
0.441,0.9680782000000001,0.031210599999999998
0.442,0.9685473,0.030488599999999998
0.443,0.9687251,0.0303539
0.444,0.9691096,0.0303484
0.445,0.9685815,0.030420199999999998
0.446,0.9686968,0.0307675
0.447,0.968438,0.0308329
0.448,0.9682098,0.030950500000000002
0.449,0.9678596,0.0310472
0.45,0.9678785000000001,0.0311433
0.451,0.9682672,0.031375
0.452,0.9674504,0.0318655
0.453,0.9668768,0.0323795
0.454,0.9666744,0.0325557
0.455,0.9663589,0.0327049
0.456,0.9663569,0.032751800000000005
0.457,0.9665712999999999,0.0327054
0.458,0.9669097999999999,0.0323572
0.459,0.9670924,0.0319911
0.46,0.9673254,0.0320774
0.461,0.9672537,0.0318562
0.462,0.9676421999999999,0.0317606
0.463,0.9673806,0.0317856
0.464,0.9677093999999999,0.0313116
0.465,0.9684022,0.0312517
0.466,0.9680445,0.0311386
0.467,0.9688038,0.0306416
0.468,0.9690791,0.0305167
0.469,0.9692251000000001,0.0301917
0.47,0.9694717,0.0298272
0.471,0.969128,0.0297813
0.472,0.9699625000000001,0.029443
0.473,0.9698274000000001,0.029351699999999998
0.474,0.9699876999999999,0.0295507
0.475,0.9700784,0.029475099999999997
0.476,0.9695769,0.0297905
0.477,0.9692383999999999,0.030168300000000002
0.478,0.9690413,0.030191499999999996
0.479,0.969132,0.030465399999999997
0.48,0.9684731999999999,0.030633499999999998
0.481,0.968879,0.030747399999999998
0.482,0.9682828000000001,0.031089500000000003
0.483,0.9681937,0.031118899999999998
0.484,0.9682863,0.0311603
0.485,0.9680135,0.0315475
0.486,0.9681026,0.0314896
0.487,0.9681647999999999,0.031368900000000005
0.488,0.9674299999999999,0.0316669
0.489,0.9677567,0.0315856
0.49,0.9676125,0.0312924
0.491,0.9680932,0.0314315
0.492,0.9682824999999999,0.0312677
0.493,0.9686003,0.0308474
0.494,0.9687944,0.030741900000000003
0.495,0.9688576000000001,0.030527000000000002
0.496,0.9693209,0.0301772
0.497,0.9693156,0.030127
0.498,0.969648,0.030042100000000002
0.499,0.9696801,0.0297135
0.5,0.9698104,0.029613800000000003
0.501,0.9700504,0.029613
0.502,0.9698711,0.029530599999999997
0.503,0.970197,0.0296279
0.504,0.9696558000000001,0.0296753
0.505,0.9702573999999999,0.0295274
0.506,0.9700118000000001,0.0294665
0.507,0.9700654,0.0295522
0.508,0.9699757,0.0294854
0.509,0.9701337,0.029399799999999997
0.51,0.9702249999999999,0.0293602
0.511,0.9698625,0.029284599999999997
0.512,0.9702526,0.0294338
0.513,0.9698270999999999,0.0298192
0.514,0.96953,0.030108100000000002
0.515,0.9694237,0.030264199999999998
0.516,0.9687262,0.0304706
0.517,0.9691754,0.030643899999999998
0.518,0.9688840999999999,0.0306944
0.519,0.9690398,0.0308889
0.52,0.9686359,0.031031800000000002
0.521,0.9686909,0.0308807
0.522,0.9691142,0.0308082
0.523,0.9685666999999999,0.031021800000000002
0.524,0.9686962,0.031087899999999998
0.525,0.9686281999999999,0.0308194
0.526,0.968916,0.0308223
0.527,0.9685411,0.0311853
0.528,0.9682761000000001,0.0313104
0.529,0.968782,0.0310339
0.53,0.9687589,0.0308559
0.531,0.9688686,0.030952700000000003
0.532,0.9685217,0.0308941
0.533,0.9690812,0.030552899999999997
0.534,0.9693577999999999,0.030240999999999997
0.535,0.9692413999999999,0.0302036
0.536,0.9696799,0.0303162
0.537,0.9692973,0.0302681
0.538,0.9698074,0.0300571
0.539,0.9695806,0.029925099999999996
0.54,0.9692725,0.030175
0.541,0.9690492999999999,0.030658400000000002
0.542,0.9687998,0.0309016
0.543,0.9690470000000001,0.030706699999999996
0.544,0.9690955,0.0304387
0.545,0.9692951,0.030554
0.546,0.9686714000000001,0.030953400000000002
0.547,0.9687196,0.0311894
0.548,0.9689296000000001,0.0309403
0.549,0.9688985,0.030469
0.55,0.9696383000000001,0.030271499999999996
0.551,0.9691924000000001,0.0304127
0.552,0.9693343,0.0305508
0.553,0.9695036,0.030303499999999997
0.554,0.9700333999999999,0.0298162
0.555,0.9704276000000001,0.0295687
0.556,0.9698730000000001,0.029806
0.557,0.9694329,0.0303621
0.558,0.9688218000000001,0.0308237
0.559,0.9689559,0.0310039
0.56,0.9687878999999999,0.031008900000000002
0.561,0.9684791,0.0311349
0.562,0.9684492,0.0315469
0.563,0.9677692,0.0320166
0.564,0.9675188,0.032185
0.565,0.9678632,0.0318928
0.566,0.9684424,0.0314249
0.567,0.9685299999999999,0.0311944
0.568,0.9682887,0.0313296
0.569,0.9684006,0.0315965
0.57,0.9681545,0.0316959
0.571,0.9678328999999999,0.031652
0.572,0.9683591,0.031638099999999995
0.573,0.9681209,0.0316487
0.574,0.9684049,0.0315913
0.575,0.9683701,0.0313702
0.576,0.9685921999999999,0.031153499999999997
0.577,0.9688365,0.0311599
0.578,0.9685166,0.0314148
0.579,0.9683264,0.0316704
0.58,0.9678504,0.0316153
0.581,0.9685679,0.0312675
0.582,0.9689964000000001,0.030903200000000002
0.583,0.9691179,0.0308151
0.584,0.9690439999999999,0.030952700000000003
0.585,0.9684837000000001,0.031055899999999997
0.586,0.968943,0.0310311
0.587,0.9685229,0.030954000000000002
0.588,0.9689635,0.0310328
0.589,0.9685389000000001,0.031205599999999997
0.59,0.9682735,0.031365
0.591,0.9684962,0.0314329
0.592,0.9681438,0.0313654
0.593,0.9688443999999999,0.0311521
0.594,0.9689494000000001,0.0306941
0.595,0.9698488000000001,0.030147900000000002
0.596,0.9699767,0.029810500000000004
0.597,0.969483,0.0299455
0.598,0.9694759000000001,0.0305206
0.599,0.9683247,0.031159500000000003
0.6,0.9683691,0.0316275
0.601,0.9677073,0.0318429
0.602,0.9678467999999999,0.0319746
0.603,0.967877,0.032084299999999996
0.604,0.9676771,0.0321494
0.605,0.9678662,0.0321305
0.606,0.967646,0.0319717
0.607,0.9683197,0.0316771
0.608,0.968758,0.0312055
0.609,0.9692818,0.0306751
0.61,0.9696729999999999,0.030323600000000003
0.611,0.9695731000000001,0.030335
0.612,0.9693124000000001,0.0306845
0.613,0.9687448000000001,0.0311066
0.614,0.9686368000000001,0.0313599
0.615,0.9686104,0.031386
0.616,0.9683395,0.0313551
0.617,0.9684737,0.0315234
0.618,0.9677173,0.0319436
0.619,0.9674442000000001,0.0325524
0.62,0.9668954,0.0331015
0.621,0.9666049999999999,0.0333916
0.622,0.9666476,0.0333491
0.623,0.9667147,0.0330962
0.624,0.9670795,0.032917100000000005
0.625,0.9667733,0.0329992
0.626,0.9666722,0.033324
0.627,0.9664104,0.0335866
0.628,0.9665052,0.0334914
0.629,0.9670283000000001,0.032968000000000004
0.63,0.9676305000000001,0.0322184
0.631,0.968446,0.031551300000000004
0.632,0.9688641,0.031133099999999997
0.633,0.9690135999999999,0.0309837
0.634,0.9688966000000001,0.031045
0.635,0.9686703,0.0312681
0.636,0.9684155,0.0315815
0.637,0.9681538999999999,0.0318431
0.638,0.9680934999999999,0.0319034
0.639,0.9680942,0.0317403
0.64,0.9684702000000001,0.0315267
0.641,0.9685524,0.0314441
0.642,0.9684218,0.0315314
0.643,0.9683620999999999,0.031634699999999995
0.644,0.9683924,0.031559699999999996
0.645,0.9687005999999999,0.0312959
0.646,0.9688800999999999,0.0310112
0.647,0.9691122,0.030884900000000003
0.648,0.9690737,0.0309234
0.649,0.9689871,0.031009799999999997
0.65,0.9689477,0.0310494
0.651,0.9689035,0.0310934
0.652,0.9687398,0.0312568
0.653,0.9684573000000001,0.0315401
0.654,0.9682187999999999,0.031778
0.655,0.9682227,0.0317739
0.656,0.9684895,0.0315076
0.657,0.9688055,0.0311913
0.658,0.9689305,0.031066899999999998
0.659,0.9688319,0.031164800000000003
0.66,0.9687317,0.0312652
0.661,0.968883,0.0311141
0.662,0.9693044999999999,0.030692900000000002
0.663,0.9697197,0.0302778
0.664,0.9698042,0.0301932
0.665,0.9694744,0.030522399999999998
0.666,0.968952,0.0310448
0.667,0.9685786000000001,0.0314183
0.668,0.9685282,0.0314688
0.669,0.9686559,0.0313409
0.67,0.9686674,0.031329699999999995
0.671,0.9683936,0.031604
0.672,0.9679333,0.0320636
0.673,0.9675539000000001,0.0324429
0.674,0.9674588,0.0325383
0.675,0.967618,0.0323789
0.676,0.9678278,0.0321694
0.677,0.9679013999999999,0.0320956
0.678,0.9678323,0.0321643
0.679,0.967778,0.0322191
0.68,0.9679095,0.0320878
0.681,0.9682401,0.0317568
0.682,0.9686083000000001,0.0313895
0.683,0.9687901999999999,0.031207500000000003
0.684,0.9686763,0.031321
0.685,0.9683092000000001,0.031688299999999996
0.686,0.9678319000000001,0.0321653
0.687,0.9673972000000001,0.0326001
0.688,0.9670886,0.0329083
0.689,0.9669093,0.0330875
0.69,0.9668275,0.033169699999999996
0.691,0.9668156,0.033181600000000006
0.692,0.9668714,0.0331262
0.693,0.9670011,0.0329967
0.694,0.967201,0.0327965
0.695,0.9674640999999999,0.032533
0.696,0.96777,0.0322268
0.697,0.9680822,0.0319151
0.698,0.9683305,0.0316672
0.699,0.9684411,0.031556
0.7,0.9683659,0.0316317
0.701,0.9681211999999999,0.0318759
0.702,0.9678107,0.0321868
0.703,0.9675856,0.0324122
0.704,0.9675673,0.0324305
0.705,0.9677755,0.032222100000000004
0.706,0.968123,0.0318744
0.707,0.9684698,0.0315277
0.708,0.9687164,0.031281500000000004
0.709,0.9688442,0.031153300000000002
0.71,0.9689093,0.031087600000000003
0.711,0.9689815,0.031016400000000003
0.712,0.9690791,0.0309183
0.713,0.9691594000000001,0.030839099999999998
0.714,0.9691559,0.0308414
0.715,0.9690485,0.030948600000000003
0.716,0.9688842,0.0311137
0.717,0.9687570999999999,0.031240399999999998
0.718,0.9687563,0.0312412
0.719,0.9689063,0.0310913
0.72,0.9691573,0.030840100000000002
0.721,0.9694219,0.0305753
0.722,0.9696295,0.0303674
0.723,0.9697602000000001,0.0302377
0.724,0.9698311,0.0301666
0.725,0.9698686,0.030129299999999998
0.726,0.9698711,0.0301263
0.727,0.9698125000000001,0.030184799999999998
0.728,0.9696651,0.0303329
0.729,0.9694305,0.0305676
0.73,0.9691534,0.0308439
0.731,0.9689041,0.0310935
0.732,0.9687357,0.031262
0.733,0.9686635,0.0313345
0.734,0.9686648999999999,0.031332399999999996
0.735,0.9687094,0.0312877
0.736,0.968784,0.031214
0.737,0.9688997,0.031097800000000002
0.738,0.9690813,0.0309159
0.739,0.9693308,0.030666699999999998
0.74,0.969606,0.030392199999999998
0.741,0.9698367,0.0301603
0.742,0.9699519,0.0300457
0.743,0.9699142000000001,0.0300833
0.744,0.9697437999999999,0.0302537
0.745,0.9695003,0.030497
0.746,0.9692482,0.0307495
0.747,0.9690148999999999,0.030982500000000003
0.748,0.9687949,0.0312032
0.749,0.9685488,0.0314483
0.75,0.9682550000000001,0.031742
0.751,0.9679279,0.0320692
0.752,0.967618,0.0323795
0.753,0.9673869,0.0326109
0.754,0.9672781,0.032719399999999996
0.755,0.9672858,0.032712
0.756,0.9673641000000001,0.0326336
0.757,0.9674541000000001,0.0325437
0.758,0.9675218,0.0324755
0.759,0.9675674,0.0324304
0.76,0.9676199,0.0323774
0.761,0.9677142000000001,0.032283400000000004
0.762,0.9678618,0.0321361
0.763,0.9680344,0.0319628
0.764,0.9681858,0.0318118
0.765,0.9682716,0.0317259
0.766,0.9682856,0.0317121
0.767,0.9682573999999999,0.0317403
0.768,0.9682404,0.0317575
0.769,0.9682809,0.0317171
0.77,0.9683835999999999,0.0316141
0.771,0.9685075000000001,0.0314901
0.772,0.9685908999999999,0.0314068
0.773,0.9685760000000001,0.0314214
0.774,0.9684499,0.0315482
0.775,0.9682508,0.0317469
0.776,0.9680540000000001,0.0319434
0.777,0.9679359,0.0320619
0.778,0.9679414,0.032057
0.779,0.9680549,0.031943
0.78,0.9682229,0.0317746
0.781,0.9683678,0.0316295
0.782,0.9684322000000001,0.0315654
0.783,0.9684041000000001,0.0315936
0.784,0.9683124,0.031685500000000005
0.785,0.9682116999999999,0.0317855
0.786,0.9681545,0.0318433
0.787,0.9681613,0.031836500000000004
0.788,0.9682222,0.031776200000000004
0.789,0.9683006000000001,0.031696499999999996
0.79,0.9683674999999999,0.0316302
0.791,0.9684122000000001,0.0315854
0.792,0.9684575,0.0315401
0.793,0.968556,0.0314419
0.794,0.9687608,0.0312372
0.795,0.9691142,0.0308835
0.796,0.9696195,0.0303786
0.797,0.9702428000000001,0.0297549
0.798,0.9709220999999999,0.0290755
0.799,0.9715792000000001,0.028418199999999998
0.8,0.9721482,0.0278491
0.801,0.9725745,0.027423600000000003
0.802,0.9728289999999999,0.027169
0.803,0.9728943,0.027103600000000002
0.804,0.9727749,0.0272224
0.805,0.9724801,0.0275179
0.806,0.972042,0.027955999999999998
0.807,0.9714975,0.0284997
0.808,0.9709142,0.029083800000000003
0.809,0.9703458,0.0296523
0.81,0.9698547000000001,0.030143200000000002
0.811,0.9694891,0.030508999999999998
0.812,0.9692457,0.0307516
0.813,0.9691242,0.030873400000000002
0.814,0.9690778,0.030920100000000002
0.815,0.9690786,0.0309196
0.816,0.9691074000000001,0.0308901
0.817,0.9691477999999999,0.0308497
0.818,0.9692177,0.0307799
0.819,0.9693179000000001,0.0306802
0.82,0.9694535999999999,0.030543999999999998
0.821,0.9696136,0.0303842
0.822,0.9697553000000001,0.0302425
0.823,0.9698293,0.030167799999999998
0.824,0.9698079,0.030190199999999997
0.825,0.9696738,0.0303241
0.826,0.9694526,0.0305458
0.827,0.9691953999999999,0.030802100000000002
0.828,0.9689699,0.0310278
0.829,0.9688348999999999,0.0311634
0.83,0.9688165,0.031181399999999998
0.831,0.9689055000000001,0.031092300000000003
0.832,0.9690525999999999,0.030945200000000003
0.833,0.9691946,0.0308033
0.834,0.9692668000000001,0.030730900000000002
0.835,0.9692343999999999,0.030763699999999998
0.836,0.9691008,0.0308974
0.837,0.968906,0.0310919
0.838,0.9687128,0.0312853
0.839,0.9685827,0.0314153
0.84,0.9685532000000001,0.0314445
0.841,0.9686297,0.0313682
0.842,0.9687797,0.0312182
0.843,0.9689487,0.0310488
0.844,0.9690803,0.0309174
0.845,0.9691348999999999,0.0308628
0.846,0.9691044999999999,0.0308939
0.847,0.9690106,0.030987499999999998
0.848,0.968899,0.0310988
0.849,0.9688158,0.0311821
0.85,0.9687946,0.031203599999999998
0.851,0.9688403,0.031157300000000002
0.852,0.9689326,0.0310657
0.853,0.9690278000000001,0.0309704
0.854,0.9690812,0.0309165
0.855,0.9690612000000001,0.0309369
0.856,0.9689575,0.0310398
0.857,0.9687901999999999,0.0312074
0.858,0.9685973,0.031400899999999995
0.859,0.9684225000000001,0.0315756
0.86,0.9683052000000001,0.0316931
0.861,0.9682642,0.0317338
0.862,0.9682980000000001,0.031699899999999996
0.863,0.9683866000000001,0.031611600000000004
0.864,0.9685014,0.031496300000000005
0.865,0.9686185999999999,0.0313791
0.866,0.9687266999999999,0.0312721
0.867,0.9688235000000001,0.0311742
0.868,0.9689266999999999,0.031071599999999998
0.869,0.9690477,0.030950500000000002
0.87,0.9691985,0.0307998
0.871,0.9693723,0.030625100000000002
0.872,0.9695569999999999,0.030440900000000003
0.873,0.969723,0.0302754
0.874,0.9698446,0.030152899999999996
0.875,0.969904,0.0300941
0.876,0.9698950000000001,0.0301029
0.877,0.969827,0.0301709
0.878,0.9697209999999999,0.030277099999999998
0.879,0.9695998,0.0303979
0.88,0.9694851,0.030512800000000003
0.881,0.969387,0.030611199999999998
0.882,0.9693067000000001,0.0306914
0.883,0.9692393,0.0307587
0.884,0.969181,0.0308168
0.885,0.9691348999999999,0.0308629
0.886,0.9691127,0.030884299999999996
0.887,0.9691377,0.0308608
0.888,0.9692295,0.0307686
0.889,0.9694052000000001,0.030593
0.89,0.9696653999999999,0.030332599999999998
0.891,0.9699918,0.030005999999999998
0.892,0.9703493000000001,0.029649000000000002
0.893,0.9706923000000001,0.0293049
0.894,0.9709847,0.029013399999999998
0.895,0.9711982,0.0287998
0.896,0.9713305,0.028666900000000002
0.897,0.9714029,0.0285954
0.898,0.9714444,0.0285534
0.899,0.9714892,0.0285089
0.9,0.9715571,0.0284409
0.901,0.9716461,0.0283517
0.902,0.9717318,0.0282659
0.903,0.9717751,0.028222800000000003
0.904,0.9717371,0.0282607
0.905,0.9715965,0.028401299999999997
0.906,0.9713608,0.0286365
0.907,0.9710697,0.0289277
0.908,0.9707835,0.0292143
0.909,0.9705705,0.0294273
0.91,0.9704821,0.029516399999999998
0.911,0.9705338,0.0294638
0.912,0.9707029,0.0292955
0.913,0.9709245,0.029073699999999997
0.914,0.9711204999999999,0.028877700000000003
0.915,0.9712189999999999,0.0287799
0.916,0.9711794,0.028818899999999998
0.917,0.9710076,0.0289906
0.918,0.9707541999999999,0.0292442
0.919,0.9704935,0.029504899999999997
0.92,0.9703029999999999,0.029695100000000002
0.921,0.9702356000000001,0.029762200000000003
0.922,0.9703022,0.0296959
0.923,0.9704617,0.029537
0.924,0.9706406,0.029357099999999997
0.925,0.9707664,0.029232300000000003
0.926,0.970785,0.029212600000000002
0.927,0.9706923999999999,0.0293057
0.928,0.9705209,0.0294767
0.929,0.9703327,0.029665
0.93,0.9701936999999999,0.0298041
0.931,0.970136,0.0298616
0.932,0.9701458,0.0298518
0.933,0.970163,0.0298351
0.934,0.9701105,0.029887800000000003
0.935,0.9699436,0.0300543
0.936,0.9697066,0.0302915
0.937,0.9695274,0.0304705
0.938,0.969372,0.030626
0.939,0.9681815,0.0318163
0.94,0.9638422,0.0361555
0.941,0.9553400000000001,0.044657999999999996
0.942,0.9433512000000001,0.0566468
0.943,0.9278652,0.0721326
0.944,0.9089856000000001,0.09101229999999999
0.945,0.8873999,0.1125982
0.946,0.8621644,0.1378335
0.947,0.8323357,0.1676621
0.948,0.7995908,0.2004076
0.949,0.7652222999999999,0.2347756
0.95,0.7270214,0.27297689999999997
0.951,0.6852108,0.3147877
0.952,0.6438200999999999,0.3561776
0.953,0.601777,0.398221
0.954,0.5562167,0.4437815
0.955,0.5102709999999999,0.48972720000000003
0.956,0.46578539999999996,0.5342125999999999
0.957,0.42073,0.5792683000000001
0.958,0.37525260000000005,0.6247454
0.959,0.33098750000000005,0.6690111000000001
0.96,0.28816400000000003,0.7118340999999999
0.961,0.2465969,0.7534013
0.962,0.2070514,0.7929472
0.963,0.1702965,0.8297022
0.964,0.1373171,0.8626814
0.965,0.1087997,0.8911984
0.966,0.0852777,0.9147208
0.967,0.0665772,0.9334215
0.968,0.0520765,0.9479223
0.969,0.041094799999999994,0.9589042999999999
0.97,0.0329373,0.9670613
0.971,0.026912,0.9730864
0.972,0.0224096,0.9775889999999999
0.973,0.0189514,0.9810471
0.974,0.016241099999999998,0.9837579
0.975,0.014039699999999999,0.9859593
0.976,0.0122026,0.9877961999999999
0.977,0.010634699999999999,0.9893642
0.978,0.0092771,0.9907218
0.979,0.0080965,0.9919026
0.98,0.0070791000000000005,0.9929192
0.981,0.0062280999999999994,0.993771
0.982,0.005563,0.9944355
0.983,0.0051195,0.9948786
0.984,0.0049439,0.9950549
0.985,0.0050653,0.9949334000000001
0.986,0.0054442,0.9945541
0.987,0.005971,0.9940273000000001
0.988,0.0065437,0.9934549
0.989,0.0071101,0.9928886
0.99,0.007631099999999999,0.9923677000000001
0.991,0.0081085,0.9918895000000001
0.992,0.0085941,0.9914042000000001
0.993,0.009054,0.9909446
0.994,0.0094362,0.9905619
0.995,0.0098226,0.9901759
0.996,0.0102919,0.9897056999999999
0.997,0.0107376,0.9892601000000001
0.998,0.011158099999999999,0.9888393999999999
0.999,0.0117412,0.9882564
1.0,0.012414000000000001,0.9875841
1.001,0.0129588,0.9870386000000001
1.002,0.0134477,0.9865495
1.003,0.0138852,0.9861127000000001
1.004,0.014130700000000001,0.9858669999999999
1.005,0.014277100000000001,0.9857195
1.006,0.0143255,0.9856715
1.007,0.0142004,0.9857975
1.008,0.0140042,0.9859927
1.009,0.013696600000000001,0.9863007
1.01,0.0132798,0.9867172
1.011,0.012787,0.9872111
1.012,0.0122726,0.9877254000000001
1.013,0.0118072,0.9881898
1.014,0.011531199999999998,0.9884667
1.015,0.0114478,0.98855
1.016,0.0114089,0.9885886
1.017,0.0114614,0.988536
1.018,0.0115695,0.988428
1.019,0.0116276,0.9883706999999999
1.02,0.011580299999999998,0.988417
1.021,0.011459500000000001,0.9885382
1.022,0.0112629,0.9887348
1.023,0.010962099999999999,0.9890351
1.024,0.0105593,0.9894385
1.025,0.0100953,0.9899028
1.026,0.0096369,0.990361
1.027,0.009217300000000001,0.9907803
1.028,0.0088447,0.9911532
1.029,0.0085868,0.9914108
1.03,0.0084549,0.9915428
1.031,0.0083696,0.9916279
1.032,0.0083334,0.991664
1.033,0.0083644,0.9916332
1.034,0.0084555,0.9915428
1.035,0.0085421,0.9914561999999999
1.036,0.0085824,0.9914154000000001
1.037,0.0085621,0.9914363
1.038,0.0084679,0.9915295999999999
1.039,0.0082855,0.9917123999999999
1.04,0.0080147,0.9919830000000001
1.041,0.0076668000000000005,0.9923314999999999
1.042,0.0072669,0.9927312
1.043,0.0068561,0.9931418999999999
1.044,0.0064893,0.993509
1.045,0.0062017,0.9937971
1.046,0.0059808,0.9940177
1.047,0.0057922,0.9942059000000001
1.048,0.005653,0.9943449
1.049,0.0055575,0.9944407
1.05,0.005462399999999999,0.9945356
1.051,0.0053887,0.9946091
1.052,0.0053549999999999995,0.9946431
1.053,0.0053706,0.9946273999999999
1.054,0.005437,0.9945607
1.055,0.0055685,0.9944292
1.056,0.0057579,0.9942397
1.057,0.0059542,0.9940437
1.058,0.0060962,0.9939017
1.059,0.0061792999999999996,0.993819
1.06,0.006220799999999999,0.9937769
1.061,0.0062622,0.9937363
1.062,0.0063017,0.9936967
1.063,0.0063393,0.9936593
1.064,0.0064121,0.9935856
1.065,0.006522,0.9934750999999999
1.066,0.0066,0.993398
1.067,0.0066855,0.9933131000000001
1.068,0.0067501,0.9932486
1.069,0.0068274,0.9931712
1.07,0.0069404,0.9930576999999999
1.071,0.0070414,0.9929566
1.072,0.0071381,0.9928598
1.073,0.0072873,0.9927113
1.074,0.0074842,0.9925138
1.075,0.007702400000000001,0.9922958
1.076,0.007936499999999999,0.9920613
1.077,0.008188299999999999,0.9918094000000001
1.078,0.0084368,0.9915611
1.079,0.008650099999999999,0.991348
1.08,0.0088234,0.9911744
1.081,0.008950099999999999,0.9910483000000001
1.082,0.0090352,0.990963
1.083,0.0091061,0.9908920000000001
1.084,0.0092055,0.9907931999999999
1.085,0.0093616,0.9906364999999999
1.086,0.009571,0.9904273
1.087,0.0098107,0.9901867
1.088,0.0100727,0.9899254000000001
1.089,0.010359100000000001,0.9896388
1.09,0.0106698,0.9893282000000001
1.091,0.0109975,0.9890012
1.092,0.011336599999999999,0.9886617
1.093,0.0116862,0.9883117
1.094,0.012038899999999998,0.9879587999999999
1.095,0.0123796,0.9876179999999999
1.096,0.0126919,0.9873059000000001
1.097,0.012963899999999999,0.9870338
1.098,0.0131842,0.986814
1.099,0.0133454,0.9866527
1.1,0.0134408,0.9865576
1.101,0.013473800000000001,0.9865241
1.102,0.013452299999999999,0.9865457000000001
1.103,0.013393500000000001,0.9866048000000001
1.104,0.013311,0.9866878
1.105,0.0132239,0.9867743
1.106,0.013143100000000001,0.9868547
1.107,0.013064,0.9869343
1.108,0.012986,0.9870124
1.109,0.012904899999999999,0.9870931000000001
1.11,0.012819400000000002,0.9871787999999999
1.111,0.012722,0.9872759999999999
1.112,0.0126156,0.9873828
1.113,0.012502800000000001,0.9874953
1.114,0.0123924,0.9876064999999999
1.115,0.012287300000000001,0.9877113
1.116,0.0121916,0.9878066
1.117,0.0121019,0.9878959
1.118,0.01201,0.9879877
1.119,0.011925600000000001,0.9880728000000001
1.12,0.011856199999999999,0.9881417
1.121,0.011796599999999999,0.9882013999999999
1.122,0.0117581,0.9882407000000001
1.123,0.0117515,0.9882465
1.124,0.011769700000000001,0.9882281
1.125,0.0117942,0.9882040999999999
1.126,0.0118286,0.9881702
1.127,0.011885399999999999,0.9881129
1.128,0.011955,0.9880433
1.129,0.012000900000000002,0.9879974
1.13,0.012022,0.9879762
1.131,0.0120575,0.9879408
1.132,0.0121051,0.9878936
1.133,0.012116499999999999,0.9878821999999999
1.134,0.0120987,0.9878994
1.135,0.0120875,0.9879108
1.136,0.012080800000000001,0.9879177
1.137,0.0120601,0.9879378
1.138,0.0120266,0.9879718
1.139,0.0119996,0.9879978
1.14,0.0119855,0.9880125
1.141,0.0119793,0.9880192
1.142,0.0119798,0.9880186000000001
1.143,0.0119896,0.988008
1.144,0.012006300000000001,0.9879918000000001
1.145,0.012022999999999999,0.9879752
1.146,0.0120363,0.9879617
1.147,0.0120485,0.98795
1.148,0.012061800000000001,0.9879368
1.149,0.0120716,0.9879268
1.15,0.012074,0.9879247
1.151,0.012069799999999999,0.9879283
1.152,0.0120623,0.9879362
1.153,0.012057199999999999,0.9879409
1.154,0.0120577,0.9879395
1.155,0.012061800000000001,0.9879368
1.156,0.0120706,0.9879276
1.157,0.0120857,0.9879124
1.158,0.0121048,0.9878931
1.159,0.0121303,0.987868
1.16,0.0121595,0.9878387
1.161,0.0121927,0.9878053
1.162,0.0122297,0.9877682
1.163,0.0122655,0.9877328
1.164,0.0122967,0.9877011
1.165,0.012317400000000001,0.9876809
1.166,0.0123162,0.9876817
1.167,0.0122883,0.98771
1.168,0.0122232,0.9877748
1.169,0.0121184,0.9878797
1.17,0.011976800000000001,0.9880213999999999
1.171,0.0117981,0.9882007
1.172,0.011593599999999999,0.9884048
1.173,0.011378999999999998,0.988619
1.174,0.011161399999999998,0.9888370000000001
1.175,0.010959000000000002,0.9890395
1.176,0.0107732,0.9892255
1.177,0.0106119,0.9893866
1.178,0.010479700000000002,0.9895188
1.179,0.0103715,0.9896269
1.18,0.010293000000000002,0.9897052
1.181,0.010239100000000001,0.9897589000000001
1.182,0.0102122,0.9897865
1.183,0.0102136,0.9897844
1.184,0.010236400000000001,0.9897621
1.185,0.0102805,0.9897182
1.186,0.0103351,0.9896635
1.187,0.010396399999999998,0.9896015
1.188,0.0104531,0.9895447
1.189,0.0105006,0.9894981
1.19,0.010536799999999999,0.9894616
1.191,0.010555799999999999,0.989443
1.192,0.0105631,0.9894355
1.193,0.0105576,0.9894409000000001
1.194,0.010546,0.9894522000000001
1.195,0.0105349,0.989464
1.196,0.010525199999999998,0.9894735
1.197,0.010524,0.989474
1.198,0.010530900000000001,0.9894673
1.199,0.0105507,0.9894482000000001
1.2,0.010581,0.9894176
1.201,0.0106236,0.9893747999999999
1.202,0.0106809,0.9893171
1.203,0.0107525,0.9892461
1.204,0.0108416,0.9891562999999999
1.205,0.010946800000000001,0.9890524
1.206,0.0110691,0.9889297
1.207,0.0112079,0.9887914000000001
1.208,0.0113636,0.9886349
1.209,0.0115352,0.9884631
1.21,0.0117194,0.9882792
1.211,0.011911499999999998,0.9880869
1.212,0.012106200000000001,0.9878925
1.213,0.0122969,0.9877011
1.214,0.0124782,0.9875205
1.215,0.012644200000000001,0.9873544
1.216,0.012790900000000001,0.987207
1.217,0.012915000000000001,0.9870836
1.218,0.0130153,0.9869833
1.219,0.0130941,0.9869045
1.22,0.0131572,0.9868411
1.221,0.013210999999999999,0.9867873
1.222,0.0132638,0.9867343
1.223,0.0133227,0.9866756
1.224,0.0133951,0.9866025999999999
1.225,0.013482899999999999,0.9865153999999999
1.226,0.013585499999999999,0.9864127
1.227,0.0136975,0.9863004
1.228,0.0138157,0.9861823
1.229,0.013934899999999998,0.986063
1.23,0.0140536,0.9859447
1.231,0.014167400000000002,0.9858305
1.232,0.0142762,0.9857217
1.233,0.0143752,0.9856229999999999
1.234,0.014462,0.9855363
1.235,0.014536100000000001,0.9854622999999999
1.236,0.0145944,0.9854037999999999
1.237,0.0146371,0.9853617
1.238,0.014657700000000001,0.9853404
1.239,0.014659899999999998,0.9853384
1.24,0.0146432,0.985355
1.241,0.0146129,0.9853858
1.242,0.014563999999999999,0.9854341999999999
1.243,0.0145013,0.9854970000000001
1.244,0.0144224,0.9855761
1.245,0.0143337,0.9856644
1.246,0.0142282,0.9857703999999999
1.247,0.0141084,0.9858904
1.248,0.0139667,0.9860317999999999
1.249,0.0138073,0.9861914
1.25,0.0136236,0.9863741
1.251,0.0134216,0.9865765000000001
1.252,0.013197799999999999,0.9868009999999999
1.253,0.012963,0.9870349
1.254,0.0127175,0.9872808999999999
1.255,0.0124736,0.9875248999999999
1.256,0.012230000000000001,0.9877683
1.257,0.011996199999999999,0.9880021000000001
1.258,0.011767300000000001,0.9882316
1.259,0.0115493,0.9884495
1.26,0.0113358,0.9886634
1.261,0.0111321,0.9888665
1.262,0.0109327,0.9890658999999999
1.263,0.0107443,0.9892544999999999
1.264,0.010563499999999998,0.9894352000000001
1.265,0.0103979,0.9896014
1.266,0.0102451,0.9897535999999999
1.267,0.010112600000000001,0.9898863
1.268,0.009997899999999999,0.9900002000000001
1.269,0.009906700000000001,0.9900915
1.27,0.009836000000000001,0.990163
1.271,0.0097895,0.9902088
1.272,0.009763500000000001,0.9902347
1.273,0.0097601,0.9902383
1.274,0.0097766,0.9902221
1.275,0.0098105,0.9901877
1.276,0.0098624,0.9901366
1.277,0.0099287,0.9900695
1.278,0.0100094,0.9899894
1.279,0.0101013,0.9898971
1.28,0.0102037,0.989795
1.281,0.010313699999999999,0.9896847
1.282,0.0104304,0.9895683
1.283,0.0105511,0.9894476
1.284,0.010674900000000001,0.9893236000000001
1.285,0.0107992,0.9891994
1.286,0.010923,0.9890752
1.287,0.0110441,0.9889547000000001
1.288,0.0111618,0.988836
1.289,0.0112744,0.9887249
1.29,0.011380600000000001,0.9886181999999999
1.291,0.0114801,0.9885183999999999
1.292,0.011571499999999998,0.9884265000000001
1.293,0.0116552,0.9883424
1.294,0.0117299,0.9882683
1.295,0.0117967,0.9882021000000001
1.296,0.011854,0.9881448
1.297,0.011903799999999999,0.9880947999999999
1.298,0.011944999999999999,0.9880536
1.299,0.0119795,0.988019
1.3,0.0120071,0.9879918000000001
1.301,0.0120275,0.9879707000000001
1.302,0.0120433,0.9879551999999999
1.303,0.0120533,0.9879455
1.304,0.0120605,0.9879383
1.305,0.0120637,0.9879345
1.306,0.0120664,0.9879318
1.307,0.012067300000000001,0.9879319
1.308,0.012069700000000001,0.9879292
1.309,0.012073400000000001,0.9879257
1.31,0.0120783,0.9879207999999999
1.311,0.0120875,0.9879114
1.312,0.012099500000000001,0.9878986000000001
1.313,0.0121172,0.9878817999999999
1.314,0.0121387,0.9878601
1.315,0.0121665,0.9878319999999999
1.316,0.0121995,0.9877988000000001
1.317,0.0122362,0.9877625999999999
1.318,0.0122784,0.9877196
1.319,0.0123234,0.9876747
1.32,0.012372399999999999,0.9876260000000001
1.321,0.0124224,0.9875761
1.322,0.0124743,0.9875242
1.323,0.0125261,0.9874725
1.324,0.0125754,0.9874229
1.325,0.012623,0.9873747
1.326,0.0126658,0.9873332
1.327,0.0127046,0.9872936
1.328,0.012736099999999998,0.9872623
1.329,0.0127617,0.9872371
1.33,0.0127792,0.9872190000000001
1.331,0.012786500000000001,0.987212
1.332,0.0127857,0.9872131000000001
1.333,0.0127739,0.9872247000000001
1.334,0.0127538,0.9872445999999999
1.335,0.0127239,0.9872742999999999
1.336,0.012683100000000001,0.9873147
1.337,0.012635,0.9873634
1.338,0.012576700000000001,0.9874217000000001
1.339,0.0125124,0.9874862
1.34,0.0124412,0.9875571
1.341,0.012361800000000001,0.9876366
1.342,0.012279400000000001,0.9877197
1.343,0.0121911,0.9878077999999999
1.344,0.0121021,0.9878966
1.345,0.012009399999999998,0.9879889
1.346,0.011918699999999999,0.9880798
1.347,0.011829000000000001,0.9881695
1.348,0.0117383,0.988259
1.349,0.0116552,0.9883435
1.35,0.011568499999999999,0.9884251000000001
1.351,0.011499200000000001,0.9884998
1.352,0.011417600000000002,0.9885673
1.353,0.0113691,0.9886284999999999
1.354,0.0113168,0.9886817000000001
1.355,0.0112213,0.9887239
1.356,0.0112278,0.9887616
1.357,0.011211899999999999,0.9887873
1.358,0.0111949,0.9888039999999999
1.359,0.011156,0.9888086
1.36,0.011124700000000001,0.9888033
1.361,0.011120300000000001,0.9887895
1.362,0.011073999999999999,0.9887649999999999
1.363,0.0111806,0.9887347
1.364,0.011240300000000002,0.9886938999999999
1.365,0.0112879,0.9886441
1.366,0.0113157,0.9885881999999999
1.367,0.0113672,0.9885236000000001
1.368,0.011375,0.9884559
1.369,0.0115052,0.9883844
1.37,0.0116062,0.98831
1.371,0.0116906,0.9882362
1.372,0.011493199999999999,0.9881565999999999
1.373,0.0114894,0.988083
1.374,0.0114953,0.9880159999999999
1.375,0.0114448,0.9879527
1.376,0.0113338,0.9878967
1.377,0.0113329,0.9878511
1.378,0.011154500000000001,0.9878117000000001
1.379,0.0111368,0.9877883
1.38,0.0109894,0.9877715
1.381,0.011059300000000001,0.9877720999999999
1.382,0.0109812,0.9877827
1.383,0.0109891,0.987805
1.384,0.0109354,0.9878408000000001
1.385,0.010724299999999999,0.9878828
1.386,0.0108389,0.9879412000000001
1.387,0.0108295,0.9880092
1.388,0.0108262,0.9880840999999999
1.389,0.010837300000000001,0.988168
1.39,0.010777799999999999,0.9882613
1.391,0.01072,0.9883589
1.392,0.0106101,0.9884615
1.393,0.010609299999999999,0.988574
1.394,0.0105437,0.9886868
1.395,0.0105495,0.9888073
1.396,0.0105198,0.9889275000000001
1.397,0.010382599999999999,0.9890495
1.398,0.010333000000000002,0.9891755999999999
1.399,0.010249,0.9893007
1.4,0.010232000000000002,0.9894252
1.401,0.0101131,0.9895512
1.402,0.0099941,0.9896725000000001
1.403,0.0098989,0.9897925999999999
1.404,0.0098104,0.989911
1.405,0.009718599999999999,0.9900249
1.406,0.0096337,0.9901340000000001
1.407,0.0094898,0.9902396
1.408,0.0094608,0.9903388
1.409,0.0093495,0.990432
1.41,0.0093057,0.9905161
1.411,0.0092381,0.9905936
1.412,0.009150199999999999,0.9906628000000001
1.413,0.0091368,0.9907220999999999
1.414,0.0091407,0.9907714
1.415,0.0090679,0.9908104
1.416,0.0090568,0.9908386
1.417,0.009051,0.9908546
1.418,0.0090505,0.9908604
1.419,0.0090435,0.9908528
1.42,0.009077,0.990834
1.421,0.009145799999999999,0.990805
1.422,0.009191,0.9907626999999999
1.423,0.009253,0.990709
1.424,0.0093337,0.9906443
1.425,0.0094116,0.9905692
1.426,0.0095069,0.9904823
1.427,0.0096095,0.990387
1.428,0.0097161,0.9902824
1.429,0.0098289,0.9901699
1.43,0.0099488,0.9900493
1.431,0.0100752,0.9899235000000001
1.432,0.010206699999999999,0.989792
1.433,0.010342,0.9896563
1.434,0.0104799,0.9895189999999999
1.435,0.0106191,0.9893799
1.436,0.0107578,0.9892409999999999
1.437,0.0108948,0.989104
1.438,0.0110286,0.9889705
1.439,0.011157300000000002,0.9888412
1.44,0.0112799,0.9887189
1.441,0.011394999999999999,0.9886036
1.442,0.011500600000000001,0.9884984
1.443,0.0115968,0.9884016
1.444,0.0116822,0.988317
1.445,0.011755,0.9882437000000001
1.446,0.0118163,0.9881824
1.447,0.0118653,0.9881331
1.448,0.011900599999999999,0.9880989
1.449,0.0119249,0.9880735
1.45,0.0119375,0.9880618
1.451,0.0119374,0.9880615
1.452,0.011928600000000001,0.9880706
1.453,0.0119105,0.9880880999999999
1.454,0.0118821,0.9881165
1.455,0.0118487,0.9881502999999999
1.456,0.011809400000000001,0.9881894
1.457,0.011765900000000001,0.9882323
1.458,0.011717100000000001,0.9882814000000001
1.459,0.0116692,0.9883295
1.46,0.011621,0.9883778
1.461,0.0115716,0.988427
1.462,0.0115265,0.9884729
1.463,0.011484000000000001,0.9885149
1.464,0.011441600000000001,0.9885568
1.465,0.011405,0.988594
1.466,0.0113709,0.9886275999999999
1.467,0.011336500000000001,0.9886621999999999
1.468,0.011306700000000001,0.988692
1.469,0.011278,0.9887209
1.47,0.011247,0.9887511000000001
1.471,0.011218200000000001,0.9887807
1.472,0.011188199999999999,0.9888106999999999
1.473,0.0111562,0.9888420000000001
1.474,0.011119,0.9888800000000001
1.475,0.0110815,0.988917
1.476,0.0110412,0.9889576
1.477,0.0109947,0.9890038
1.478,0.0109477,0.9890514
1.479,0.0108974,0.9891017
1.48,0.0108413,0.9891579
1.481,0.0107851,0.9892136
1.482,0.010726800000000002,0.9892719
1.483,0.010667199999999998,0.9893315
1.484,0.0106041,0.9893946
1.485,0.010544,0.9894554999999999
1.486,0.0104848,0.9895146
1.487,0.010425199999999999,0.9895734
1.488,0.0103719,0.9896273
1.489,0.010323599999999999,0.9896754
1.49,0.0102793,0.9897195000000001
1.491,0.010246,0.9897528
1.492,0.0102227,0.9897762
1.493,0.0102112,0.9897872
1.494,0.0102112,0.9897881
1.495,0.0102288,0.9897699
1.496,0.010263,0.9897362
1.497,0.0103127,0.9896864999999999
1.498,0.0103814,0.9896173
1.499,0.0104657,0.9895334
1.5,0.0105614,0.9894378
1.501,0.0106676,0.9893312000000001
1.502,0.0107776,0.9892213
1.503,0.010886100000000001,0.9891124000000001
1.504,0.0109863,0.9890124
1.505,0.0110767,0.9889221
1.506,0.0111519,0.9888469000000001
1.507,0.0112081,0.9887904000000001
1.508,0.011247499999999999,0.9887511000000001
1.509,0.011268,0.9887304
1.51,0.0112697,0.9887294
1.511,0.0112514,0.9887477
1.512,0.011217600000000001,0.988781
1.513,0.011167100000000001,0.9888319
1.514,0.0110985,0.9889008
1.515,0.0110178,0.9889811000000001
1.516,0.0109236,0.9890758
1.517,0.010817,0.9891822
1.518,0.010695600000000001,0.9893034
1.519,0.010564800000000001,0.9894343999999999
1.52,0.0104224,0.9895767999999999
1.521,0.0102695,0.9897291
1.522,0.010104599999999998,0.9898944000000001
1.523,0.0099336,0.9900648
1.524,0.0097536,0.9902449
1.525,0.0095615,0.990438
1.526,0.009362500000000001,0.9906372
1.527,0.0091547,0.9908442
1.528,0.008939200000000001,0.9910595999999999
1.529,0.0087142,0.9912841
1.53,0.0084853,0.9915132
1.531,0.0082497,0.9917493000000001
1.532,0.008008,0.9919907000000001
1.533,0.007758500000000001,0.9922401999999999
1.534,0.0075081,0.9924912
1.535,0.0072561,0.9927428
1.536,0.0070025,0.9929961
1.537,0.0067552,0.9932436
1.538,0.0065161,0.9934829000000001
1.539,0.0062912,0.9937077999999999
1.54,0.0060843,0.9939143
1.541,0.0059038,0.9940952
1.542,0.0057526999999999995,0.9942464
1.543,0.005639300000000001,0.9943597
1.544,0.0055758,0.9944229
1.545,0.0055750999999999995,0.9944240999999999
1.546,0.0056431,0.9943563000000001
1.547,0.0057872999999999996,0.9942121
1.548,0.006010799999999999,0.9939882
1.549,0.0063019999999999994,0.9936973
1.55,0.0066387,0.99336
1.551,0.0070017,0.9929967999999999
1.552,0.0073751,0.9926236
1.553,0.0077507,0.9922481999999999
1.554,0.0081142,0.991885
1.555,0.008446799999999999,0.9915522
1.556,0.0087439,0.9912551000000001
1.557,0.009021099999999999,0.9909782
1.558,0.009284,0.9907149
1.559,0.0095167,0.9904819
1.56,0.0097131,0.9902854999999999
1.561,0.009884500000000001,0.9901141
1.562,0.0100314,0.9899671999999999
1.563,0.010148999999999998,0.9898502
1.564,0.010240800000000001,0.9897585
1.565,0.0103169,0.9896822000000001
1.566,0.0103844,0.989614
1.567,0.0104325,0.9895665
1.568,0.0104456,0.9895534
1.569,0.0104192,0.9895796
1.57,0.010372,0.989627
1.571,0.010324199999999999,0.9896741
1.572,0.010280800000000001,0.9897182
1.573,0.0102227,0.9897762
1.574,0.010133399999999999,0.9898655
1.575,0.010014799999999999,0.9899845
1.576,0.0098907,0.9901084
1.577,0.009775,0.9902242
1.578,0.0096683,0.9903306999999999
1.579,0.0095586,0.9904405
1.58,0.0094399,0.9905581999999999
1.581,0.009310500000000001,0.9906882
1.582,0.0091788,0.9908202
1.583,0.0090498,0.9909496
1.584,0.0089264,0.9910724999999999
1.585,0.008801,0.991198
1.586,0.0086709,0.9913276999999999
1.587,0.0085365,0.9914626
1.588,0.0084034,0.9915958
1.589,0.0082728,0.9917259
1.59,0.0081501,0.9918488000000001
1.591,0.008039600000000001,0.99196
1.592,0.007947300000000001,0.9920519
1.593,0.0078737,0.9921245999999999
1.594,0.0078268,0.9921719
1.595,0.0078167,0.9921823999999999
1.596,0.0078509,0.9921476
1.597,0.0079211,0.9920778
1.598,0.0080067,0.9919918
1.599,0.008096299999999999,0.9919020000000001
1.6,0.0081987,0.9918003
1.601,0.0083213,0.9916777
1.602,0.0084474,0.9915510999999999
1.603,0.0085537,0.9914452
1.604,0.0086439,0.9913554000000001
1.605,0.008733300000000001,0.9912658999999999
1.606,0.0088223,0.9911772000000001
1.607,0.0089022,0.9910965
1.608,0.0089657,0.9910332
1.609,0.009015,0.9909836
1.61,0.009056,0.9909431
1.611,0.00909,0.9909087
1.612,0.0091136,0.9908857000000001
1.613,0.009127699999999999,0.9908716
1.614,0.0091355,0.9908638000000001
1.615,0.009141,0.9908577
1.616,0.0091419,0.9908568
1.617,0.009138,0.9908601
1.618,0.0091315,0.9908676
1.619,0.009129,0.9908697
1.62,0.0091386,0.9908601
1.621,0.009165,0.9908334000000001
1.622,0.0092114,0.9907877
1.623,0.0092789,0.9907199
1.624,0.0093717,0.9906272
1.625,0.009495,0.9905029999999999
1.626,0.0096507,0.9903479000000001
1.627,0.0098339,0.9901646
1.628,0.010033199999999999,0.9899654
1.629,0.0102344,0.9897649
1.63,0.010422,0.9895766
1.631,0.0105839,0.9894157
1.632,0.0107104,0.9892886
1.633,0.0107951,0.9892039
1.634,0.010837099999999999,0.9891615
1.635,0.0108447,0.9891540999999999
1.636,0.0108267,0.9891727
1.637,0.01079,0.9892091000000001
1.638,0.0107366,0.9892620999999999
1.639,0.0106731,0.9893258
1.64,0.0105995,0.9893993000000001
1.641,0.0105138,0.9894845
1.642,0.0104149,0.9895835
1.643,0.0103067,0.9896925
1.644,0.0102019,0.9897973
1.645,0.0101028,0.9898958
1.646,0.0100011,0.9899979999999999
1.647,0.0098783,0.9901208
1.648,0.009729400000000001,0.9902696
1.649,0.0095624,0.9904362
1.65,0.0093988,0.9906001000000001
1.651,0.009247100000000001,0.990752
1.652,0.0090897,0.9909094
1.653,0.0089055,0.9910926000000001
1.654,0.0086825,0.9913164999999999
1.655,0.0084364,0.9915619999999999
1.656,0.0081929,0.991806
1.657,0.0079618,0.9920372999999999
1.658,0.0077394,0.99226
1.659,0.0075027,0.9924957000000001
1.66,0.007237599999999999,0.9927616
1.661,0.006947,0.993052
1.662,0.0066518,0.9933468000000001
1.663,0.0063605,0.9936387000000001
1.664,0.0060701,0.9939285
1.665,0.0057608,0.9942379
1.666,0.0054142,0.9945849
1.667,0.0050485,0.9949505000000001
1.668,0.0046857,0.995313
1.669,0.0043343,0.9956647
1.67,0.0039737,0.9960251999999999
1.671,0.0035873,0.9964108
1.672,0.0032093,0.9967887000000001
1.673,0.0028688000000000003,0.9971299
1.674,0.0025757,0.9974236000000001
1.675,0.0023286,0.9976708000000001
1.676,0.0021187,0.9978802
1.677,0.0019445,0.9980548
1.678,0.0018062,0.9981928999999999
1.679,0.001703,0.9982961
1.68,0.0016259999999999998,0.9983735
1.681,0.001567,0.9984319
1.682,0.0015195,0.9984795
1.683,0.0014848,0.9985146
1.684,0.0014654,0.9985341
1.685,0.0014588000000000001,0.9985406
1.686,0.001463,0.998536
1.687,0.0014805999999999999,0.9985187999999999
1.688,0.0015173,0.9984816
1.689,0.0015795000000000002,0.998419
1.69,0.0016736000000000001,0.9983255
1.691,0.0018024,0.9981964000000001
1.692,0.001969,0.9980296
1.693,0.0021779,0.9978206000000001
1.694,0.0024339,0.997565
1.695,0.0027427000000000003,0.997256
1.696,0.0031017,0.9968971000000001
1.697,0.0035083,0.9964911
1.698,0.0039533,0.9960456000000001
1.699,0.0044236,0.9955750999999999
1.7,0.0049076,0.9950906
1.701,0.0053866,0.9946125000000001
1.702,0.0058545,0.9941441000000001
1.703,0.006304499999999999,0.9936945
1.704,0.0067311,0.9932674
1.705,0.0071322,0.9928667
1.706,0.0075,0.992
1.707,0.007850000000000001,0.992
1.708,0.0081665,0.9918326000000001
1.709,0.0084642,0.9915353
1.71,0.0087386,0.9912601
1.711,0.008983600000000001,0.9910151
1.712,0.009199,0.9907988
1.713,0.0093885,0.9906103
1.714,0.009559999999999999,0.99
1.715,0.0097216,0.9902778000000001
1.716,0.0098746,0.9901237
1.717,0.0100121,0.989987
1.718,0.0101238,0.9898753
1.719,0.0102,0.99
1.72,0.010265699999999999,0.9897329
1.721,0.010319799999999999,0.9896795
1.722,0.0103812,0.9896178
1.723,0.0104459,0.9895529000000001
1.724,0.0104993,0.9894991000000001
1.725,0.0105298,0.9894691
1.726,0.010539,0.9894601000000001
1.727,0.010543100000000001,0.9894554999999999
1.728,0.0105542,0.989445
1.729,0.010576,0.9894223
1.73,0.010603,0.9893958
1.731,0.010626100000000001,0.9893727
1.732,0.010645199999999999,0.9893538
1.733,0.010664199999999999,0.9893347
1.734,0.0106928,0.9893065
1.735,0.0107387,0.9892606
1.736,0.010807,0.9891920000000001
1.737,0.0109014,0.9890977
1.738,0.011030199999999999,0.9889682000000001
1.739,0.011202799999999999,0.9887966
1.74,0.011433500000000001,0.9885656
1.741,0.011741999999999999,0.9882568
1.742,0.012155899999999999,0.9878431999999999
1.743,0.012707699999999999,0.9872915
1.744,0.0134449,0.9865533000000001
1.745,0.014425200000000001,0.9855733999999999
1.746,0.015714699999999998,0.9842842
1.747,0.017395,0.9826041
1.748,0.0195701,0.980429
1.749,0.022296299999999998,0.9777029
1.75,0.0256257,0.9743733
1.751,0.0295356,0.9704627000000001
1.752,0.0339421,0.9660561
1.753,0.0387556,0.9612430000000001
1.754,0.0437857,0.9562130999999999
1.755,0.0489415,0.9510576000000001
1.756,0.0541496,0.9458492
1.757,0.059359,0.9406397
1.758,0.06453249999999999,0.9354662
1.759,0.0696493,0.9303490999999999
1.76,0.0745957,0.925403
1.761,0.0793816,0.920617
1.762,0.0840577,0.9159406
1.763,0.08870739999999999,0.9112913
1.764,0.0934276,0.9065707000000001
1.765,0.0981606,0.9018387
1.766,0.1028525,0.8971461
1.767,0.1074019,0.8925972
1.768,0.1117778,0.8882211
1.769,0.1160693,0.8839301
1.77,0.1204925,0.8795067
1.771,0.1252088,0.8747904
1.772,0.1303692,0.8696290999999999
1.773,0.1359121,0.8640867
1.774,0.1415862,0.8584126000000001
1.775,0.1471101,0.8528886
1.776,0.1524361,0.8475625999999999
1.777,0.1577152,0.8422835000000001
1.778,0.1633615,0.8366370999999999
1.779,0.1696088,0.8303898
1.78,0.17628270000000001,0.8237159
1.781,0.18285859999999998,0.8171406
1.782,0.188651,0.8113478000000001
1.783,0.1934845,0.8065143
1.784,0.1975827,0.8024158
1.785,0.20132090000000002,0.7986778999999999
1.786,0.2049254,0.7950735
1.787,0.20840140000000001,0.7915976
1.788,0.21151869999999998,0.7884804
1.789,0.2140626,0.7859364999999999
1.79,0.21587520000000002,0.7841231999999999
1.791,0.21695589999999998,0.7830429999999999
1.792,0.21744039999999998,0.7825580999999999
1.793,0.2174875,0.7825114999999999
1.794,0.21718869999999998,0.7828098
1.795,0.2165341,0.7834652
1.796,0.2154487,0.7845502000000001
1.797,0.2138438,0.7861547
1.798,0.2116607,0.7883381
1.799,0.208856,0.7911427999999999
1.8,0.2054629,0.7945357
